2026-05-01 20:54:54,993 [DEBUG] [MainThread] [glazewm_client/client.py:128]: Connected to ws://localhost:6123
2026-05-01 20:54:54,999 [DEBUG] [MainThread] [glazewm_client/client.py:130]: Sent initial message: sub -e workspace_activated workspace_deactivated workspace_updated focus_changed focused_container_moved
2026-05-01 20:54:54,999 [DEBUG] [MainThread] [glazewm_client/client.py:130]: Sent initial message: query monitors
2026-05-01 20:54:55,323 [INFO] [MainThread] [root/bluetooth.py:333]: Bluetooth: Bluetooth is on, but no paired devices connected.
2026-05-01 20:54:57,283 [INFO] [MainThread] [root/bluetooth.py:333]: Bluetooth: Bluetooth is on, but no paired devices connected.
2026-05-01 20:54:58,323 [INFO] [MainThread] [root/bluetooth.py:333]: Bluetooth: Bluetooth is on, but no paired devices connected.
2026-05-01 20:55:00,282 [INFO] [MainThread] [root/bluetooth.py:333]: Bluetooth: Bluetooth is on, but no paired devices connected.
2026-05-01 20:55:01,323 [INFO] [MainThread] [root/bluetooth.py:333]: Bluetooth: Bluetooth is on, but no paired devices connected.
2026-05-01 20:55:03,282 [INFO] [MainThread] [root/bluetooth.py:333]: Bluetooth: Bluetooth is on, but no paired devices connected.
2026-05-01 20:55:04,328 [INFO] [MainThread] [root/bluetooth.py:333]: Bluetooth: Bluetooth is on, but no paired devices connected.
2026-05-01 20:55:06,282 [INFO] [MainThread] [root/bluetooth.py:333]: Bluetooth: Bluetooth is on, but no paired devices connected.
2026-05-01 20:55:07,323 [INFO] [MainThread] [root/bluetooth.py:333]: Bluetooth: Bluetooth is on, but no paired devices connected.
2026-05-01 20:55:09,282 [INFO] [MainThread] [root/bluetooth.py:333]: Bluetooth: Bluetooth is on, but no paired devices connected.
2026-05-01 20:55:10,323 [INFO] [MainThread] [root/bluetooth.py:333]: Bluetooth: Bluetooth is on, but no paired devices connected.
2026-05-01 20:55:12,282 [INFO] [MainThread] [root/bluetooth.py:333]: Bluetooth: Bluetooth is on, but no paired devices connected.
2026-05-01 20:55:13,323 [INFO] [MainThread] [root/bluetooth.py:333]: Bluetooth: Bluetooth is on, but no paired devices connected.
2026-05-01 20:55:15,277 [INFO] [MainThread] [root/bluetooth.py:333]: Bluetooth: Bluetooth is on, but no paired devices connected.
2026-05-01 20:55:16,323 [INFO] [MainThread] [root/bluetooth.py:333]: Bluetooth: Bluetooth is on, but no paired devices connected.
2026-05-01 20:55:18,283 [INFO] [MainThread] [root/bluetooth.py:333]: Bluetooth: Bluetooth is on, but no paired devices connected.
2026-05-01 20:55:19,324 [INFO] [MainThread] [root/bluetooth.py:333]: Bluetooth: Bluetooth is on, but no paired devices connected.
2026-05-01 20:55:21,282 [INFO] [MainThread] [root/bluetooth.py:333]: Bluetooth: Bluetooth is on, but no paired devices connected.
2026-05-01 20:55:22,323 [INFO] [MainThread] [root/bluetooth.py:333]: Bluetooth: Bluetooth is on, but no paired devices connected.
2026-05-01 20:55:24,283 [INFO] [MainThread] [root/bluetooth.py:333]: Bluetooth: Bluetooth is on, but no paired devices connected.
2026-05-01 20:55:25,324 [INFO] [MainThread] [root/bluetooth.py:333]: Bluetooth: Bluetooth is on, but no paired devices connected.
2026-05-01 20:55:27,282 [INFO] [MainThread] [root/bluetooth.py:333]: Bluetooth: Bluetooth is on, but no paired devices connected.
2026-05-01 20:55:28,323 [INFO] [MainThread] [root/bluetooth.py:333]: Bluetooth: Bluetooth is on, but no paired devices connected.
2026-05-01 20:55:30,282 [INFO] [MainThread] [root/bluetooth.py:333]: Bluetooth: Bluetooth is on, but no paired devices connected.
2026-05-01 20:55:31,322 [INFO] [MainThread] [root/bluetooth.py:333]: Bluetooth: Bluetooth is on, but no paired devices connected.
2026-05-01 20:55:33,282 [INFO] [MainThread] [root/bluetooth.py:333]: Bluetooth: Bluetooth is on, but no paired devices connected.
2026-05-01 20:55:34,323 [INFO] [MainThread] [root/bluetooth.py:333]: Bluetooth: Bluetooth is on, but no paired devices connected.
2026-05-01 20:55:36,281 [INFO] [MainThread] [root/bluetooth.py:333]: Bluetooth: Bluetooth is on, but no paired devices connected.
2026-05-01 20:55:37,322 [INFO] [MainThread] [root/bluetooth.py:333]: Bluetooth: Bluetooth is on, but no paired devices connected.
2026-05-01 20:55:39,281 [INFO] [MainThread] [root/bluetooth.py:333]: Bluetooth: Bluetooth is on, but no paired devices connected.
2026-05-01 20:55:39,577 [DEBUG] [Thread-7] [root/watcher.py:84]: Stylesheet modified: c:\users\omarpc\.config\yasb\styles.css
2026-05-01 20:55:40,324 [INFO] [MainThread] [root/bluetooth.py:333]: Bluetooth: Bluetooth is on, but no paired devices connected.
2026-05-01 20:55:42,281 [INFO] [MainThread] [root/bluetooth.py:333]: Bluetooth: Bluetooth is on, but no paired devices connected.
2026-05-01 20:55:43,323 [INFO] [MainThread] [root/bluetooth.py:333]: Bluetooth: Bluetooth is on, but no paired devices connected.
2026-05-01 20:55:45,281 [INFO] [MainThread] [root/bluetooth.py:333]: Bluetooth: Bluetooth is on, but no paired devices connected.
2026-05-01 20:55:46,323 [INFO] [MainThread] [root/bluetooth.py:333]: Bluetooth: Bluetooth is on, but no paired devices connected.
2026-05-01 20:55:48,281 [INFO] [MainThread] [root/bluetooth.py:333]: Bluetooth: Bluetooth is on, but no paired devices connected.
2026-05-01 20:55:49,323 [INFO] [MainThread] [root/bluetooth.py:333]: Bluetooth: Bluetooth is on, but no paired devices connected.
2026-05-01 20:55:51,282 [INFO] [MainThread] [root/bluetooth.py:333]: Bluetooth: Bluetooth is on, but no paired devices connected.
2026-05-01 20:55:52,324 [INFO] [MainThread] [root/bluetooth.py:333]: Bluetooth: Bluetooth is on, but no paired devices connected.
2026-05-01 20:55:54,282 [INFO] [MainThread] [root/bluetooth.py:333]: Bluetooth: Bluetooth is on, but no paired devices connected.
2026-05-01 20:55:55,323 [INFO] [MainThread] [root/bluetooth.py:333]: Bluetooth: Bluetooth is on, but no paired devices connected.
2026-05-01 20:55:57,278 [INFO] [MainThread] [root/bluetooth.py:333]: Bluetooth: Bluetooth is on, but no paired devices connected.
2026-05-01 20:55:58,329 [INFO] [MainThread] [root/bluetooth.py:333]: Bluetooth: Bluetooth is on, but no paired devices connected.
2026-05-01 20:56:00,282 [INFO] [MainThread] [root/bluetooth.py:333]: Bluetooth: Bluetooth is on, but no paired devices connected.
2026-05-01 20:56:01,323 [INFO] [MainThread] [root/bluetooth.py:333]: Bluetooth: Bluetooth is on, but no paired devices connected.
2026-05-01 20:56:03,282 [INFO] [MainThread] [root/bluetooth.py:333]: Bluetooth: Bluetooth is on, but no paired devices connected.
2026-05-01 20:56:04,327 [INFO] [MainThread] [root/bluetooth.py:333]: Bluetooth: Bluetooth is on, but no paired devices connected.
2026-05-01 20:56:06,281 [INFO] [MainThread] [root/bluetooth.py:333]: Bluetooth: Bluetooth is on, but no paired devices connected.
2026-05-01 20:56:07,322 [INFO] [MainThread] [root/bluetooth.py:333]: Bluetooth: Bluetooth is on, but no paired devices connected.
2026-05-01 20:56:09,283 [INFO] [MainThread] [root/bluetooth.py:333]: Bluetooth: Bluetooth is on, but no paired devices connected.
2026-05-01 20:56:10,329 [INFO] [MainThread] [root/bluetooth.py:333]: Bluetooth: Bluetooth is on, but no paired devices connected.
2026-05-01 20:56:12,281 [INFO] [MainThread] [root/bluetooth.py:333]: Bluetooth: Bluetooth is on, but no paired devices connected.
2026-05-01 20:56:13,328 [INFO] [MainThread] [root/bluetooth.py:333]: Bluetooth: Bluetooth is on, but no paired devices connected.
2026-05-01 20:56:15,282 [INFO] [MainThread] [root/bluetooth.py:333]: Bluetooth: Bluetooth is on, but no paired devices connected.
2026-05-01 20:56:16,329 [INFO] [MainThread] [root/bluetooth.py:333]: Bluetooth: Bluetooth is on, but no paired devices connected.
2026-05-01 20:56:18,276 [INFO] [MainThread] [root/bluetooth.py:333]: Bluetooth: Bluetooth is on, but no paired devices connected.
2026-05-01 20:56:19,322 [INFO] [MainThread] [root/bluetooth.py:333]: Bluetooth: Bluetooth is on, but no paired devices connected.
2026-05-01 20:56:21,282 [INFO] [MainThread] [root/bluetooth.py:333]: Bluetooth: Bluetooth is on, but no paired devices connected.
2026-05-01 20:56:22,330 [INFO] [MainThread] [root/bluetooth.py:333]: Bluetooth: Bluetooth is on, but no paired devices connected.
2026-05-01 20:56:24,283 [INFO] [MainThread] [root/bluetooth.py:333]: Bluetooth: Bluetooth is on, but no paired devices connected.
2026-05-01 20:56:25,323 [INFO] [MainThread] [root/bluetooth.py:333]: Bluetooth: Bluetooth is on, but no paired devices connected.
2026-05-01 20:56:27,281 [INFO] [MainThread] [root/bluetooth.py:333]: Bluetooth: Bluetooth is on, but no paired devices connected.
2026-05-01 20:56:28,324 [INFO] [MainThread] [root/bluetooth.py:333]: Bluetooth: Bluetooth is on, but no paired devices connected.
2026-05-01 20:56:30,281 [INFO] [MainThread] [root/bluetooth.py:333]: Bluetooth: Bluetooth is on, but no paired devices connected.
2026-05-01 20:56:31,321 [INFO] [MainThread] [root/bluetooth.py:333]: Bluetooth: Bluetooth is on, but no paired devices connected.
2026-05-01 20:56:33,281 [INFO] [MainThread] [root/bluetooth.py:333]: Bluetooth: Bluetooth is on, but no paired devices connected.
2026-05-01 20:56:34,329 [INFO] [MainThread] [root/bluetooth.py:333]: Bluetooth: Bluetooth is on, but no paired devices connected.
2026-05-01 20:56:36,281 [INFO] [MainThread] [root/bluetooth.py:333]: Bluetooth: Bluetooth is on, but no paired devices connected.
2026-05-01 20:56:37,321 [INFO] [MainThread] [root/bluetooth.py:333]: Bluetooth: Bluetooth is on, but no paired devices connected.
2026-05-01 20:56:39,276 [INFO] [MainThread] [root/bluetooth.py:333]: Bluetooth: Bluetooth is on, but no paired devices connected.
2026-05-01 20:56:39,575 [DEBUG] [Thread-7] [root/watcher.py:84]: Stylesheet modified: c:\users\omarpc\.config\yasb\styles.css
2026-05-01 20:56:40,321 [INFO] [MainThread] [root/bluetooth.py:333]: Bluetooth: Bluetooth is on, but no paired devices connected.
2026-05-01 20:56:42,282 [INFO] [MainThread] [root/bluetooth.py:333]: Bluetooth: Bluetooth is on, but no paired devices connected.
2026-05-01 20:56:43,322 [INFO] [MainThread] [root/bluetooth.py:333]: Bluetooth: Bluetooth is on, but no paired devices connected.
2026-05-01 20:56:45,281 [INFO] [MainThread] [root/bluetooth.py:333]: Bluetooth: Bluetooth is on, but no paired devices connected.
2026-05-01 20:56:46,322 [INFO] [MainThread] [root/bluetooth.py:333]: Bluetooth: Bluetooth is on, but no paired devices connected.
2026-05-01 20:56:46,412 [DEBUG] [Thread-7] [root/watcher.py:84]: Stylesheet modified: c:\users\omarpc\.config\yasb\styles.css
2026-05-01 20:56:48,281 [INFO] [MainThread] [root/bluetooth.py:333]: Bluetooth: Bluetooth is on, but no paired devices connected.
2026-05-01 20:56:49,321 [INFO] [MainThread] [root/bluetooth.py:333]: Bluetooth: Bluetooth is on, but no paired devices connected.
2026-05-01 20:56:51,281 [INFO] [MainThread] [root/bluetooth.py:333]: Bluetooth: Bluetooth is on, but no paired devices connected.
2026-05-01 20:56:52,322 [INFO] [MainThread] [root/bluetooth.py:333]: Bluetooth: Bluetooth is on, but no paired devices connected.
2026-05-01 20:56:52,347 [DEBUG] [Thread-7] [root/watcher.py:84]: Stylesheet modified: c:\users\omarpc\.config\yasb\styles.css
2026-05-01 20:56:54,281 [INFO] [MainThread] [root/bluetooth.py:333]: Bluetooth: Bluetooth is on, but no paired devices connected.
2026-05-01 20:56:55,322 [INFO] [MainThread] [root/bluetooth.py:333]: Bluetooth: Bluetooth is on, but no paired devices connected.
2026-05-01 20:56:57,281 [INFO] [MainThread] [root/bluetooth.py:333]: Bluetooth: Bluetooth is on, but no paired devices connected.
2026-05-01 20:56:58,322 [INFO] [MainThread] [root/bluetooth.py:333]: Bluetooth: Bluetooth is on, but no paired devices connected.
2026-05-01 20:57:00,275 [INFO] [MainThread] [root/bluetooth.py:333]: Bluetooth: Bluetooth is on, but no paired devices connected.
2026-05-01 20:57:01,322 [INFO] [MainThread] [root/bluetooth.py:333]: Bluetooth: Bluetooth is on, but no paired devices connected.
2026-05-01 20:57:03,277 [INFO] [MainThread] [root/bluetooth.py:333]: Bluetooth: Bluetooth is on, but no paired devices connected.
2026-05-01 20:57:04,323 [INFO] [MainThread] [root/bluetooth.py:333]: Bluetooth: Bluetooth is on, but no paired devices connected.
2026-05-01 20:57:06,280 [INFO] [MainThread] [root/bluetooth.py:333]: Bluetooth: Bluetooth is on, but no paired devices connected.
2026-05-01 20:57:07,322 [INFO] [MainThread] [root/bluetooth.py:333]: Bluetooth: Bluetooth is on, but no paired devices connected.
2026-05-01 20:57:09,280 [INFO] [MainThread] [root/bluetooth.py:333]: Bluetooth: Bluetooth is on, but no paired devices connected.
2026-05-01 20:57:10,322 [INFO] [MainThread] [root/bluetooth.py:333]: Bluetooth: Bluetooth is on, but no paired devices connected.
2026-05-01 20:57:12,280 [INFO] [MainThread] [root/bluetooth.py:333]: Bluetooth: Bluetooth is on, but no paired devices connected.
2026-05-01 20:57:13,321 [INFO] [MainThread] [root/bluetooth.py:333]: Bluetooth: Bluetooth is on, but no paired devices connected.
2026-05-01 20:57:15,281 [INFO] [MainThread] [root/bluetooth.py:333]: Bluetooth: Bluetooth is on, but no paired devices connected.
2026-05-01 20:57:16,320 [INFO] [MainThread] [root/bluetooth.py:333]: Bluetooth: Bluetooth is on, but no paired devices connected.
2026-05-01 20:57:18,280 [INFO] [MainThread] [root/bluetooth.py:333]: Bluetooth: Bluetooth is on, but no paired devices connected.
2026-05-01 20:57:19,322 [INFO] [MainThread] [root/bluetooth.py:333]: Bluetooth: Bluetooth is on, but no paired devices connected.
2026-05-01 20:57:21,275 [INFO] [MainThread] [root/bluetooth.py:333]: Bluetooth: Bluetooth is on, but no paired devices connected.
2026-05-01 20:57:22,322 [INFO] [MainThread] [root/bluetooth.py:333]: Bluetooth: Bluetooth is on, but no paired devices connected.
2026-05-01 20:57:24,280 [INFO] [MainThread] [root/bluetooth.py:333]: Bluetooth: Bluetooth is on, but no paired devices connected.
2026-05-01 20:57:25,321 [INFO] [MainThread] [root/bluetooth.py:333]: Bluetooth: Bluetooth is on, but no paired devices connected.
2026-05-01 20:57:27,281 [INFO] [MainThread] [root/bluetooth.py:333]: Bluetooth: Bluetooth is on, but no paired devices connected.
2026-05-01 20:57:28,321 [INFO] [MainThread] [root/bluetooth.py:333]: Bluetooth: Bluetooth is on, but no paired devices connected.
2026-05-01 20:57:30,280 [INFO] [MainThread] [root/bluetooth.py:333]: Bluetooth: Bluetooth is on, but no paired devices connected.
2026-05-01 20:57:31,321 [INFO] [MainThread] [root/bluetooth.py:333]: Bluetooth: Bluetooth is on, but no paired devices connected.
2026-05-01 20:57:33,280 [INFO] [MainThread] [root/bluetooth.py:333]: Bluetooth: Bluetooth is on, but no paired devices connected.
2026-05-01 20:57:34,321 [INFO] [MainThread] [root/bluetooth.py:333]: Bluetooth: Bluetooth is on, but no paired devices connected.
2026-05-01 20:57:36,281 [INFO] [MainThread] [root/bluetooth.py:333]: Bluetooth: Bluetooth is on, but no paired devices connected.
2026-05-01 20:57:37,320 [INFO] [MainThread] [root/bluetooth.py:333]: Bluetooth: Bluetooth is on, but no paired devices connected.
2026-05-01 20:57:39,280 [INFO] [MainThread] [root/bluetooth.py:333]: Bluetooth: Bluetooth is on, but no paired devices connected.
2026-05-01 20:57:39,575 [DEBUG] [Thread-7] [root/watcher.py:84]: Stylesheet modified: c:\users\omarpc\.config\yasb\styles.css
2026-05-01 20:57:40,321 [INFO] [MainThread] [root/bluetooth.py:333]: Bluetooth: Bluetooth is on, but no paired devices connected.
2026-05-01 20:57:41,689 [DEBUG] [Thread-7] [root/watcher.py:84]: Stylesheet modified: c:\users\omarpc\.config\yasb\styles.css
2026-05-01 20:57:42,275 [INFO] [MainThread] [root/bluetooth.py:333]: Bluetooth: Bluetooth is on, but no paired devices connected.
2026-05-01 20:57:43,321 [INFO] [MainThread] [root/bluetooth.py:333]: Bluetooth: Bluetooth is on, but no paired devices connected.
2026-05-01 20:57:45,281 [INFO] [MainThread] [root/bluetooth.py:333]: Bluetooth: Bluetooth is on, but no paired devices connected.
2026-05-01 20:57:46,322 [INFO] [MainThread] [root/bluetooth.py:333]: Bluetooth: Bluetooth is on, but no paired devices connected.
2026-05-01 20:57:48,280 [INFO] [MainThread] [root/bluetooth.py:333]: Bluetooth: Bluetooth is on, but no paired devices connected.
2026-05-01 20:57:49,321 [INFO] [MainThread] [root/bluetooth.py:333]: Bluetooth: Bluetooth is on, but no paired devices connected.
2026-05-01 20:57:51,281 [INFO] [MainThread] [root/bluetooth.py:333]: Bluetooth: Bluetooth is on, but no paired devices connected.
2026-05-01 20:57:52,321 [INFO] [MainThread] [root/bluetooth.py:333]: Bluetooth: Bluetooth is on, but no paired devices connected.
2026-05-01 20:57:54,280 [INFO] [MainThread] [root/bluetooth.py:333]: Bluetooth: Bluetooth is on, but no paired devices connected.
2026-05-01 20:57:55,321 [INFO] [MainThread] [root/bluetooth.py:333]: Bluetooth: Bluetooth is on, but no paired devices connected.
2026-05-01 20:57:57,280 [INFO] [MainThread] [root/bluetooth.py:333]: Bluetooth: Bluetooth is on, but no paired devices connected.
2026-05-01 20:57:58,321 [INFO] [MainThread] [root/bluetooth.py:333]: Bluetooth: Bluetooth is on, but no paired devices connected.
2026-05-01 20:58:00,280 [INFO] [MainThread] [root/bluetooth.py:333]: Bluetooth: Bluetooth is on, but no paired devices connected.
2026-05-01 20:58:01,321 [INFO] [MainThread] [root/bluetooth.py:333]: Bluetooth: Bluetooth is on, but no paired devices connected.
2026-05-01 20:58:03,275 [INFO] [MainThread] [root/bluetooth.py:333]: Bluetooth: Bluetooth is on, but no paired devices connected.
2026-05-01 20:58:04,320 [INFO] [MainThread] [root/bluetooth.py:333]: Bluetooth: Bluetooth is on, but no paired devices connected.
2026-05-01 20:58:06,279 [INFO] [MainThread] [root/bluetooth.py:333]: Bluetooth: Bluetooth is on, but no paired devices connected.
2026-05-01 20:58:07,322 [INFO] [MainThread] [root/bluetooth.py:333]: Bluetooth: Bluetooth is on, but no paired devices connected.
2026-05-01 20:58:09,279 [INFO] [MainThread] [root/bluetooth.py:333]: Bluetooth: Bluetooth is on, but no paired devices connected.
2026-05-01 20:58:10,328 [INFO] [MainThread] [root/bluetooth.py:333]: Bluetooth: Bluetooth is on, but no paired devices connected.
2026-05-01 20:58:12,280 [INFO] [MainThread] [root/bluetooth.py:333]: Bluetooth: Bluetooth is on, but no paired devices connected.
2026-05-01 20:58:13,321 [INFO] [MainThread] [root/bluetooth.py:333]: Bluetooth: Bluetooth is on, but no paired devices connected.
2026-05-01 20:58:15,281 [INFO] [MainThread] [root/bluetooth.py:333]: Bluetooth: Bluetooth is on, but no paired devices connected.
2026-05-01 20:58:16,320 [INFO] [MainThread] [root/bluetooth.py:333]: Bluetooth: Bluetooth is on, but no paired devices connected.
2026-05-01 20:58:18,281 [INFO] [MainThread] [root/bluetooth.py:333]: Bluetooth: Bluetooth is on, but no paired devices connected.
2026-05-01 20:58:19,321 [INFO] [MainThread] [root/bluetooth.py:333]: Bluetooth: Bluetooth is on, but no paired devices connected.
2026-05-01 20:58:21,279 [INFO] [MainThread] [root/bluetooth.py:333]: Bluetooth: Bluetooth is on, but no paired devices connected.
2026-05-01 20:58:22,321 [INFO] [MainThread] [root/bluetooth.py:333]: Bluetooth: Bluetooth is on, but no paired devices connected.
2026-05-01 20:58:24,275 [INFO] [MainThread] [root/bluetooth.py:333]: Bluetooth: Bluetooth is on, but no paired devices connected.
2026-05-01 20:58:25,321 [INFO] [MainThread] [root/bluetooth.py:333]: Bluetooth: Bluetooth is on, but no paired devices connected.
2026-05-01 20:58:27,280 [INFO] [MainThread] [root/bluetooth.py:333]: Bluetooth: Bluetooth is on, but no paired devices connected.
2026-05-01 20:58:28,321 [INFO] [MainThread] [root/bluetooth.py:333]: Bluetooth: Bluetooth is on, but no paired devices connected.
2026-05-01 20:58:30,280 [INFO] [MainThread] [root/bluetooth.py:333]: Bluetooth: Bluetooth is on, but no paired devices connected.
2026-05-01 20:58:31,321 [INFO] [MainThread] [root/bluetooth.py:333]: Bluetooth: Bluetooth is on, but no paired devices connected.
2026-05-01 20:58:33,280 [INFO] [MainThread] [root/bluetooth.py:333]: Bluetooth: Bluetooth is on, but no paired devices connected.
2026-05-01 20:58:34,321 [INFO] [MainThread] [root/bluetooth.py:333]: Bluetooth: Bluetooth is on, but no paired devices connected.
2026-05-01 20:58:36,281 [INFO] [MainThread] [root/bluetooth.py:333]: Bluetooth: Bluetooth is on, but no paired devices connected.
2026-05-01 20:58:37,320 [INFO] [MainThread] [root/bluetooth.py:333]: Bluetooth: Bluetooth is on, but no paired devices connected.
2026-05-01 20:58:39,280 [INFO] [MainThread] [root/bluetooth.py:333]: Bluetooth: Bluetooth is on, but no paired devices connected.
2026-05-01 20:58:40,320 [INFO] [MainThread] [root/bluetooth.py:333]: Bluetooth: Bluetooth is on, but no paired devices connected.
2026-05-01 20:58:42,280 [INFO] [MainThread] [root/bluetooth.py:333]: Bluetooth: Bluetooth is on, but no paired devices connected.
2026-05-01 20:58:43,320 [INFO] [MainThread] [root/bluetooth.py:333]: Bluetooth: Bluetooth is on, but no paired devices connected.
2026-05-01 20:58:43,609 [DEBUG] [Thread-7] [root/watcher.py:84]: Stylesheet modified: c:\users\omarpc\.config\yasb\styles.css
2026-05-01 20:58:45,275 [INFO] [MainThread] [root/bluetooth.py:333]: Bluetooth: Bluetooth is on, but no paired devices connected.
2026-05-01 20:58:46,000 [DEBUG] [Thread-7] [root/watcher.py:84]: Stylesheet modified: c:\users\omarpc\.config\yasb\styles.css
2026-05-01 20:58:46,322 [INFO] [MainThread] [root/bluetooth.py:333]: Bluetooth: Bluetooth is on, but no paired devices connected.
2026-05-01 20:58:47,321 [DEBUG] [Thread-7] [root/watcher.py:84]: Stylesheet modified: c:\users\omarpc\.config\yasb\styles.css
2026-05-01 20:58:48,280 [INFO] [MainThread] [root/bluetooth.py:333]: Bluetooth: Bluetooth is on, but no paired devices connected.
2026-05-01 20:58:49,325 [INFO] [MainThread] [root/bluetooth.py:333]: Bluetooth: Bluetooth is on, but no paired devices connected.
2026-05-01 20:58:50,201 [DEBUG] [Thread-7] [root/watcher.py:84]: Stylesheet modified: c:\users\omarpc\.config\yasb\styles.css
2026-05-01 20:58:51,279 [INFO] [MainThread] [root/bluetooth.py:333]: Bluetooth: Bluetooth is on, but no paired devices connected.
2026-05-01 20:58:52,321 [INFO] [MainThread] [root/bluetooth.py:333]: Bluetooth: Bluetooth is on, but no paired devices connected.
2026-05-01 20:58:53,689 [DEBUG] [Thread-7] [root/watcher.py:84]: Stylesheet modified: c:\users\omarpc\.config\yasb\styles.css
2026-05-01 20:58:54,280 [INFO] [MainThread] [root/bluetooth.py:333]: Bluetooth: Bluetooth is on, but no paired devices connected.
2026-05-01 20:58:55,322 [INFO] [MainThread] [root/bluetooth.py:333]: Bluetooth: Bluetooth is on, but no paired devices connected.
2026-05-01 20:58:57,280 [INFO] [MainThread] [root/bluetooth.py:333]: Bluetooth: Bluetooth is on, but no paired devices connected.
2026-05-01 20:58:58,321 [INFO] [MainThread] [root/bluetooth.py:333]: Bluetooth: Bluetooth is on, but no paired devices connected.
2026-05-01 20:59:00,279 [INFO] [MainThread] [root/bluetooth.py:333]: Bluetooth: Bluetooth is on, but no paired devices connected.
2026-05-01 20:59:01,321 [INFO] [MainThread] [root/bluetooth.py:333]: Bluetooth: Bluetooth is on, but no paired devices connected.
2026-05-01 20:59:03,280 [INFO] [MainThread] [root/bluetooth.py:333]: Bluetooth: Bluetooth is on, but no paired devices connected.
2026-05-01 20:59:04,319 [INFO] [MainThread] [root/bluetooth.py:333]: Bluetooth: Bluetooth is on, but no paired devices connected.
2026-05-01 20:59:06,273 [INFO] [MainThread] [root/bluetooth.py:333]: Bluetooth: Bluetooth is on, but no paired devices connected.
2026-05-01 20:59:07,320 [INFO] [MainThread] [root/bluetooth.py:333]: Bluetooth: Bluetooth is on, but no paired devices connected.
2026-05-01 20:59:09,279 [INFO] [MainThread] [root/bluetooth.py:333]: Bluetooth: Bluetooth is on, but no paired devices connected.
2026-05-01 20:59:10,321 [INFO] [MainThread] [root/bluetooth.py:333]: Bluetooth: Bluetooth is on, but no paired devices connected.
2026-05-01 20:59:12,281 [INFO] [MainThread] [root/bluetooth.py:333]: Bluetooth: Bluetooth is on, but no paired devices connected.
2026-05-01 20:59:13,320 [INFO] [MainThread] [root/bluetooth.py:333]: Bluetooth: Bluetooth is on, but no paired devices connected.
2026-05-01 20:59:15,279 [INFO] [MainThread] [root/bluetooth.py:333]: Bluetooth: Bluetooth is on, but no paired devices connected.
2026-05-01 20:59:16,320 [INFO] [MainThread] [root/bluetooth.py:333]: Bluetooth: Bluetooth is on, but no paired devices connected.
2026-05-01 20:59:18,279 [INFO] [MainThread] [root/bluetooth.py:333]: Bluetooth: Bluetooth is on, but no paired devices connected.
2026-05-01 20:59:19,320 [INFO] [MainThread] [root/bluetooth.py:333]: Bluetooth: Bluetooth is on, but no paired devices connected.
2026-05-01 20:59:21,280 [INFO] [MainThread] [root/bluetooth.py:333]: Bluetooth: Bluetooth is on, but no paired devices connected.
2026-05-01 20:59:22,321 [INFO] [MainThread] [root/bluetooth.py:333]: Bluetooth: Bluetooth is on, but no paired devices connected.
2026-05-01 20:59:23,896 [DEBUG] [Thread-7] [root/watcher.py:84]: Stylesheet modified: c:\users\omarpc\.config\yasb\styles.css
2026-05-01 20:59:24,280 [INFO] [MainThread] [root/bluetooth.py:333]: Bluetooth: Bluetooth is on, but no paired devices connected.
2026-05-01 20:59:25,320 [INFO] [MainThread] [root/bluetooth.py:333]: Bluetooth: Bluetooth is on, but no paired devices connected.
2026-05-01 20:59:26,122 [DEBUG] [Thread-7] [root/watcher.py:84]: Stylesheet modified: c:\users\omarpc\.config\yasb\styles.css
2026-05-01 20:59:27,274 [INFO] [MainThread] [root/bluetooth.py:333]: Bluetooth: Bluetooth is on, but no paired devices connected.
2026-05-01 20:59:28,321 [INFO] [MainThread] [root/bluetooth.py:333]: Bluetooth: Bluetooth is on, but no paired devices connected.
2026-05-01 20:59:30,280 [INFO] [MainThread] [root/bluetooth.py:333]: Bluetooth: Bluetooth is on, but no paired devices connected.
2026-05-01 20:59:31,320 [INFO] [MainThread] [root/bluetooth.py:333]: Bluetooth: Bluetooth is on, but no paired devices connected.
2026-05-01 20:59:33,278 [INFO] [MainThread] [root/bluetooth.py:333]: Bluetooth: Bluetooth is on, but no paired devices connected.
2026-05-01 20:59:34,320 [INFO] [MainThread] [root/bluetooth.py:333]: Bluetooth: Bluetooth is on, but no paired devices connected.
2026-05-01 20:59:36,279 [INFO] [MainThread] [root/bluetooth.py:333]: Bluetooth: Bluetooth is on, but no paired devices connected.
2026-05-01 20:59:37,320 [INFO] [MainThread] [root/bluetooth.py:333]: Bluetooth: Bluetooth is on, but no paired devices connected.
2026-05-01 20:59:39,279 [INFO] [MainThread] [root/bluetooth.py:333]: Bluetooth: Bluetooth is on, but no paired devices connected.
2026-05-01 20:59:40,319 [INFO] [MainThread] [root/bluetooth.py:333]: Bluetooth: Bluetooth is on, but no paired devices connected.
2026-05-01 20:59:42,279 [INFO] [MainThread] [root/bluetooth.py:333]: Bluetooth: Bluetooth is on, but no paired devices connected.
2026-05-01 20:59:43,321 [INFO] [MainThread] [root/bluetooth.py:333]: Bluetooth: Bluetooth is on, but no paired devices connected.
2026-05-01 20:59:45,279 [INFO] [MainThread] [root/bluetooth.py:333]: Bluetooth: Bluetooth is on, but no paired devices connected.
2026-05-01 20:59:46,320 [INFO] [MainThread] [root/bluetooth.py:333]: Bluetooth: Bluetooth is on, but no paired devices connected.
2026-05-01 20:59:48,273 [INFO] [MainThread] [root/bluetooth.py:333]: Bluetooth: Bluetooth is on, but no paired devices connected.
2026-05-01 20:59:49,320 [INFO] [MainThread] [root/bluetooth.py:333]: Bluetooth: Bluetooth is on, but no paired devices connected.
2026-05-01 20:59:51,278 [INFO] [MainThread] [root/bluetooth.py:333]: Bluetooth: Bluetooth is on, but no paired devices connected.
2026-05-01 20:59:52,320 [INFO] [MainThread] [root/bluetooth.py:333]: Bluetooth: Bluetooth is on, but no paired devices connected.
2026-05-01 20:59:54,278 [INFO] [MainThread] [root/bluetooth.py:333]: Bluetooth: Bluetooth is on, but no paired devices connected.
2026-05-01 20:59:55,320 [INFO] [MainThread] [root/bluetooth.py:333]: Bluetooth: Bluetooth is on, but no paired devices connected.
2026-05-01 20:59:57,278 [INFO] [MainThread] [root/bluetooth.py:333]: Bluetooth: Bluetooth is on, but no paired devices connected.
2026-05-01 20:59:58,319 [INFO] [MainThread] [root/bluetooth.py:333]: Bluetooth: Bluetooth is on, but no paired devices connected.
2026-05-01 21:00:00,279 [INFO] [MainThread] [root/bluetooth.py:333]: Bluetooth: Bluetooth is on, but no paired devices connected.
2026-05-01 21:00:01,319 [INFO] [MainThread] [root/bluetooth.py:333]: Bluetooth: Bluetooth is on, but no paired devices connected.
2026-05-01 21:00:03,279 [INFO] [MainThread] [root/bluetooth.py:333]: Bluetooth: Bluetooth is on, but no paired devices connected.
2026-05-01 21:00:04,320 [INFO] [MainThread] [root/bluetooth.py:333]: Bluetooth: Bluetooth is on, but no paired devices connected.
2026-05-01 21:00:06,279 [INFO] [MainThread] [root/bluetooth.py:333]: Bluetooth: Bluetooth is on, but no paired devices connected.
2026-05-01 21:00:07,320 [INFO] [MainThread] [root/bluetooth.py:333]: Bluetooth: Bluetooth is on, but no paired devices connected.
2026-05-01 21:00:09,274 [INFO] [MainThread] [root/bluetooth.py:333]: Bluetooth: Bluetooth is on, but no paired devices connected.
2026-05-01 21:00:10,320 [INFO] [MainThread] [root/bluetooth.py:333]: Bluetooth: Bluetooth is on, but no paired devices connected.
2026-05-01 21:00:12,279 [INFO] [MainThread] [root/bluetooth.py:333]: Bluetooth: Bluetooth is on, but no paired devices connected.
2026-05-01 21:00:13,320 [INFO] [MainThread] [root/bluetooth.py:333]: Bluetooth: Bluetooth is on, but no paired devices connected.
2026-05-01 21:00:15,278 [INFO] [MainThread] [root/bluetooth.py:333]: Bluetooth: Bluetooth is on, but no paired devices connected.
2026-05-01 21:00:16,319 [INFO] [MainThread] [root/bluetooth.py:333]: Bluetooth: Bluetooth is on, but no paired devices connected.
2026-05-01 21:00:18,278 [INFO] [MainThread] [root/bluetooth.py:333]: Bluetooth: Bluetooth is on, but no paired devices connected.
2026-05-01 21:00:19,319 [INFO] [MainThread] [root/bluetooth.py:333]: Bluetooth: Bluetooth is on, but no paired devices connected.
2026-05-01 21:00:21,279 [INFO] [MainThread] [root/bluetooth.py:333]: Bluetooth: Bluetooth is on, but no paired devices connected.
2026-05-01 21:00:22,318 [INFO] [MainThread] [root/bluetooth.py:333]: Bluetooth: Bluetooth is on, but no paired devices connected.
2026-05-01 21:00:24,279 [INFO] [MainThread] [root/bluetooth.py:333]: Bluetooth: Bluetooth is on, but no paired devices connected.
2026-05-01 21:00:24,567 [DEBUG] [Thread-7] [root/watcher.py:84]: Stylesheet modified: c:\users\omarpc\.config\yasb\styles.css
2026-05-01 21:00:25,319 [INFO] [MainThread] [root/bluetooth.py:333]: Bluetooth: Bluetooth is on, but no paired devices connected.
2026-05-01 21:00:27,278 [INFO] [MainThread] [root/bluetooth.py:333]: Bluetooth: Bluetooth is on, but no paired devices connected.
2026-05-01 21:00:28,318 [INFO] [MainThread] [root/bluetooth.py:333]: Bluetooth: Bluetooth is on, but no paired devices connected.
2026-05-01 21:00:30,273 [INFO] [MainThread] [root/bluetooth.py:333]: Bluetooth: Bluetooth is on, but no paired devices connected.
2026-05-01 21:00:31,320 [INFO] [MainThread] [root/bluetooth.py:333]: Bluetooth: Bluetooth is on, but no paired devices connected.
2026-05-01 21:00:33,279 [INFO] [MainThread] [root/bluetooth.py:333]: Bluetooth: Bluetooth is on, but no paired devices connected.
2026-05-01 21:00:34,319 [INFO] [MainThread] [root/bluetooth.py:333]: Bluetooth: Bluetooth is on, but no paired devices connected.
2026-05-01 21:00:36,278 [INFO] [MainThread] [root/bluetooth.py:333]: Bluetooth: Bluetooth is on, but no paired devices connected.
2026-05-01 21:00:37,318 [INFO] [MainThread] [root/bluetooth.py:333]: Bluetooth: Bluetooth is on, but no paired devices connected.
2026-05-01 21:00:39,279 [INFO] [MainThread] [root/bluetooth.py:333]: Bluetooth: Bluetooth is on, but no paired devices connected.
2026-05-01 21:00:39,574 [DEBUG] [Thread-7] [root/watcher.py:84]: Stylesheet modified: c:\users\omarpc\.config\yasb\styles.css
2026-05-01 21:00:40,321 [INFO] [MainThread] [root/bluetooth.py:333]: Bluetooth: Bluetooth is on, but no paired devices connected.
2026-05-01 21:00:42,278 [INFO] [MainThread] [root/bluetooth.py:333]: Bluetooth: Bluetooth is on, but no paired devices connected.
2026-05-01 21:00:43,319 [INFO] [MainThread] [root/bluetooth.py:333]: Bluetooth: Bluetooth is on, but no paired devices connected.
2026-05-01 21:00:45,278 [INFO] [MainThread] [root/bluetooth.py:333]: Bluetooth: Bluetooth is on, but no paired devices connected.
2026-05-01 21:00:46,319 [INFO] [MainThread] [root/bluetooth.py:333]: Bluetooth: Bluetooth is on, but no paired devices connected.
2026-05-01 21:00:48,278 [INFO] [MainThread] [root/bluetooth.py:333]: Bluetooth: Bluetooth is on, but no paired devices connected.
2026-05-01 21:00:49,319 [INFO] [MainThread] [root/bluetooth.py:333]: Bluetooth: Bluetooth is on, but no paired devices connected.
2026-05-01 21:00:51,271 [INFO] [MainThread] [root/bluetooth.py:333]: Bluetooth: Bluetooth is on, but no paired devices connected.
2026-05-01 21:00:52,146 [DEBUG] [Thread-7] [root/watcher.py:84]: Stylesheet modified: c:\users\omarpc\.config\yasb\styles.css
2026-05-01 21:00:52,319 [INFO] [MainThread] [root/bluetooth.py:333]: Bluetooth: Bluetooth is on, but no paired devices connected.
2026-05-01 21:00:54,278 [INFO] [MainThread] [root/bluetooth.py:333]: Bluetooth: Bluetooth is on, but no paired devices connected.
2026-05-01 21:00:55,319 [INFO] [MainThread] [root/bluetooth.py:333]: Bluetooth: Bluetooth is on, but no paired devices connected.
2026-05-01 21:00:57,278 [INFO] [MainThread] [root/bluetooth.py:333]: Bluetooth: Bluetooth is on, but no paired devices connected.
2026-05-01 21:00:58,318 [INFO] [MainThread] [root/bluetooth.py:333]: Bluetooth: Bluetooth is on, but no paired devices connected.
2026-05-01 21:01:00,278 [INFO] [MainThread] [root/bluetooth.py:333]: Bluetooth: Bluetooth is on, but no paired devices connected.
2026-05-01 21:01:01,319 [INFO] [MainThread] [root/bluetooth.py:333]: Bluetooth: Bluetooth is on, but no paired devices connected.
2026-05-01 21:01:03,278 [INFO] [MainThread] [root/bluetooth.py:333]: Bluetooth: Bluetooth is on, but no paired devices connected.
2026-05-01 21:01:04,318 [INFO] [MainThread] [root/bluetooth.py:333]: Bluetooth: Bluetooth is on, but no paired devices connected.
2026-05-01 21:01:06,278 [INFO] [MainThread] [root/bluetooth.py:333]: Bluetooth: Bluetooth is on, but no paired devices connected.
2026-05-01 21:01:07,319 [INFO] [MainThread] [root/bluetooth.py:333]: Bluetooth: Bluetooth is on, but no paired devices connected.
2026-05-01 21:01:09,279 [INFO] [MainThread] [root/bluetooth.py:333]: Bluetooth: Bluetooth is on, but no paired devices connected.
2026-05-01 21:01:10,318 [INFO] [MainThread] [root/bluetooth.py:333]: Bluetooth: Bluetooth is on, but no paired devices connected.
2026-05-01 21:01:12,274 [INFO] [MainThread] [root/bluetooth.py:333]: Bluetooth: Bluetooth is on, but no paired devices connected.
2026-05-01 21:01:13,319 [INFO] [MainThread] [root/bluetooth.py:333]: Bluetooth: Bluetooth is on, but no paired devices connected.
2026-05-01 21:01:15,277 [INFO] [MainThread] [root/bluetooth.py:333]: Bluetooth: Bluetooth is on, but no paired devices connected.
2026-05-01 21:01:16,319 [INFO] [MainThread] [root/bluetooth.py:333]: Bluetooth: Bluetooth is on, but no paired devices connected.
2026-05-01 21:01:18,277 [INFO] [MainThread] [root/bluetooth.py:333]: Bluetooth: Bluetooth is on, but no paired devices connected.
2026-05-01 21:01:19,273 [DEBUG] [Thread-7] [root/watcher.py:84]: Stylesheet modified: c:\users\omarpc\.config\yasb\styles.css
2026-05-01 21:01:19,364 [INFO] [MainThread] [root/bluetooth.py:333]: Bluetooth: Bluetooth is on, but no paired devices connected.
2026-05-01 21:01:21,277 [INFO] [MainThread] [root/bluetooth.py:333]: Bluetooth: Bluetooth is on, but no paired devices connected.
2026-05-01 21:01:21,488 [DEBUG] [Thread-7] [root/watcher.py:84]: Stylesheet modified: c:\users\omarpc\.config\yasb\styles.css
2026-05-01 21:01:22,318 [INFO] [MainThread] [root/bluetooth.py:333]: Bluetooth: Bluetooth is on, but no paired devices connected.
2026-05-01 21:01:23,498 [DEBUG] [Thread-7] [root/watcher.py:84]: Stylesheet modified: c:\users\omarpc\.config\yasb\styles.css
2026-05-01 21:01:24,277 [INFO] [MainThread] [root/bluetooth.py:333]: Bluetooth: Bluetooth is on, but no paired devices connected.
2026-05-01 21:01:25,318 [INFO] [MainThread] [root/bluetooth.py:333]: Bluetooth: Bluetooth is on, but no paired devices connected.
2026-05-01 21:01:27,278 [INFO] [MainThread] [root/bluetooth.py:333]: Bluetooth: Bluetooth is on, but no paired devices connected.
2026-05-01 21:01:28,317 [INFO] [MainThread] [root/bluetooth.py:333]: Bluetooth: Bluetooth is on, but no paired devices connected.
2026-05-01 21:01:30,277 [INFO] [MainThread] [root/bluetooth.py:333]: Bluetooth: Bluetooth is on, but no paired devices connected.
2026-05-01 21:01:31,318 [INFO] [MainThread] [root/bluetooth.py:333]: Bluetooth: Bluetooth is on, but no paired devices connected.
2026-05-01 21:01:33,274 [INFO] [MainThread] [root/bluetooth.py:333]: Bluetooth: Bluetooth is on, but no paired devices connected.
2026-05-01 21:01:34,319 [INFO] [MainThread] [root/bluetooth.py:333]: Bluetooth: Bluetooth is on, but no paired devices connected.
2026-05-01 21:01:36,278 [INFO] [MainThread] [root/bluetooth.py:333]: Bluetooth: Bluetooth is on, but no paired devices connected.
2026-05-01 21:01:37,319 [INFO] [MainThread] [root/bluetooth.py:333]: Bluetooth: Bluetooth is on, but no paired devices connected.
2026-05-01 21:01:39,277 [INFO] [MainThread] [root/bluetooth.py:333]: Bluetooth: Bluetooth is on, but no paired devices connected.
2026-05-01 21:01:40,319 [INFO] [MainThread] [root/bluetooth.py:333]: Bluetooth: Bluetooth is on, but no paired devices connected.
2026-05-01 21:01:42,278 [INFO] [MainThread] [root/bluetooth.py:333]: Bluetooth: Bluetooth is on, but no paired devices connected.
2026-05-01 21:01:43,318 [INFO] [MainThread] [root/bluetooth.py:333]: Bluetooth: Bluetooth is on, but no paired devices connected.
2026-05-01 21:01:45,278 [INFO] [MainThread] [root/bluetooth.py:333]: Bluetooth: Bluetooth is on, but no paired devices connected.
2026-05-01 21:01:46,318 [INFO] [MainThread] [root/bluetooth.py:333]: Bluetooth: Bluetooth is on, but no paired devices connected.
2026-05-01 21:01:48,278 [INFO] [MainThread] [root/bluetooth.py:333]: Bluetooth: Bluetooth is on, but no paired devices connected.
2026-05-01 21:01:49,318 [INFO] [MainThread] [root/bluetooth.py:333]: Bluetooth: Bluetooth is on, but no paired devices connected.
2026-05-01 21:01:51,277 [INFO] [MainThread] [root/bluetooth.py:333]: Bluetooth: Bluetooth is on, but no paired devices connected.
2026-05-01 21:01:52,318 [INFO] [MainThread] [root/bluetooth.py:333]: Bluetooth: Bluetooth is on, but no paired devices connected.
2026-05-01 21:01:54,272 [INFO] [MainThread] [root/bluetooth.py:333]: Bluetooth: Bluetooth is on, but no paired devices connected.
2026-05-01 21:01:55,317 [INFO] [MainThread] [root/bluetooth.py:333]: Bluetooth: Bluetooth is on, but no paired devices connected.
2026-05-01 21:01:57,278 [INFO] [MainThread] [root/bluetooth.py:333]: Bluetooth: Bluetooth is on, but no paired devices connected.
2026-05-01 21:01:58,318 [INFO] [MainThread] [root/bluetooth.py:333]: Bluetooth: Bluetooth is on, but no paired devices connected.
2026-05-01 21:01:59,999 [DEBUG] [Thread-7] [root/watcher.py:84]: Stylesheet modified: c:\users\omarpc\.config\yasb\styles.css
2026-05-01 21:02:00,278 [INFO] [MainThread] [root/bluetooth.py:333]: Bluetooth: Bluetooth is on, but no paired devices connected.
2026-05-01 21:02:01,318 [INFO] [MainThread] [root/bluetooth.py:333]: Bluetooth: Bluetooth is on, but no paired devices connected.
2026-05-01 21:02:03,278 [INFO] [MainThread] [root/bluetooth.py:333]: Bluetooth: Bluetooth is on, but no paired devices connected.
2026-05-01 21:02:03,926 [DEBUG] [Thread-7] [root/watcher.py:84]: Stylesheet modified: c:\users\omarpc\.config\yasb\styles.css
2026-05-01 21:02:04,318 [INFO] [MainThread] [root/bluetooth.py:333]: Bluetooth: Bluetooth is on, but no paired devices connected.
2026-05-01 21:02:06,277 [INFO] [MainThread] [root/bluetooth.py:333]: Bluetooth: Bluetooth is on, but no paired devices connected.
2026-05-01 21:02:07,319 [INFO] [MainThread] [root/bluetooth.py:333]: Bluetooth: Bluetooth is on, but no paired devices connected.
2026-05-01 21:02:09,277 [INFO] [MainThread] [root/bluetooth.py:333]: Bluetooth: Bluetooth is on, but no paired devices connected.
2026-05-01 21:02:10,317 [INFO] [MainThread] [root/bluetooth.py:333]: Bluetooth: Bluetooth is on, but no paired devices connected.
2026-05-01 21:02:12,277 [INFO] [MainThread] [root/bluetooth.py:333]: Bluetooth: Bluetooth is on, but no paired devices connected.
2026-05-01 21:02:13,317 [INFO] [MainThread] [root/bluetooth.py:333]: Bluetooth: Bluetooth is on, but no paired devices connected.
2026-05-01 21:02:15,273 [INFO] [MainThread] [root/bluetooth.py:333]: Bluetooth: Bluetooth is on, but no paired devices connected.
2026-05-01 21:02:16,323 [INFO] [MainThread] [root/bluetooth.py:333]: Bluetooth: Bluetooth is on, but no paired devices connected.
2026-05-01 21:02:18,280 [INFO] [MainThread] [root/bluetooth.py:333]: Bluetooth: Bluetooth is on, but no paired devices connected.
2026-05-01 21:02:19,318 [INFO] [MainThread] [root/bluetooth.py:333]: Bluetooth: Bluetooth is on, but no paired devices connected.
2026-05-01 21:02:21,277 [INFO] [MainThread] [root/bluetooth.py:333]: Bluetooth: Bluetooth is on, but no paired devices connected.
2026-05-01 21:02:22,318 [INFO] [MainThread] [root/bluetooth.py:333]: Bluetooth: Bluetooth is on, but no paired devices connected.
2026-05-01 21:02:24,278 [INFO] [MainThread] [root/bluetooth.py:333]: Bluetooth: Bluetooth is on, but no paired devices connected.
2026-05-01 21:02:25,323 [INFO] [MainThread] [root/bluetooth.py:333]: Bluetooth: Bluetooth is on, but no paired devices connected.
2026-05-01 21:02:27,278 [INFO] [MainThread] [root/bluetooth.py:333]: Bluetooth: Bluetooth is on, but no paired devices connected.
2026-05-01 21:02:28,318 [INFO] [MainThread] [root/bluetooth.py:333]: Bluetooth: Bluetooth is on, but no paired devices connected.
2026-05-01 21:02:30,278 [INFO] [MainThread] [root/bluetooth.py:333]: Bluetooth: Bluetooth is on, but no paired devices connected.
2026-05-01 21:02:31,318 [INFO] [MainThread] [root/bluetooth.py:333]: Bluetooth: Bluetooth is on, but no paired devices connected.
2026-05-01 21:02:33,277 [INFO] [MainThread] [root/bluetooth.py:333]: Bluetooth: Bluetooth is on, but no paired devices connected.
2026-05-01 21:02:34,318 [INFO] [MainThread] [root/bluetooth.py:333]: Bluetooth: Bluetooth is on, but no paired devices connected.
2026-05-01 21:02:36,272 [INFO] [MainThread] [root/bluetooth.py:333]: Bluetooth: Bluetooth is on, but no paired devices connected.
2026-05-01 21:02:37,318 [INFO] [MainThread] [root/bluetooth.py:333]: Bluetooth: Bluetooth is on, but no paired devices connected.
2026-05-01 21:02:39,277 [INFO] [MainThread] [root/bluetooth.py:333]: Bluetooth: Bluetooth is on, but no paired devices connected.
2026-05-01 21:02:39,358 [DEBUG] [Thread-7] [root/watcher.py:84]: Stylesheet modified: c:\users\omarpc\.config\yasb\styles.css
2026-05-01 21:02:40,317 [INFO] [MainThread] [root/bluetooth.py:333]: Bluetooth: Bluetooth is on, but no paired devices connected.
2026-05-01 21:02:42,277 [INFO] [MainThread] [root/bluetooth.py:333]: Bluetooth: Bluetooth is on, but no paired devices connected.
2026-05-01 21:02:43,318 [INFO] [MainThread] [root/bluetooth.py:333]: Bluetooth: Bluetooth is on, but no paired devices connected.
2026-05-01 21:02:45,277 [INFO] [MainThread] [root/bluetooth.py:333]: Bluetooth: Bluetooth is on, but no paired devices connected.
2026-05-01 21:02:46,317 [INFO] [MainThread] [root/bluetooth.py:333]: Bluetooth: Bluetooth is on, but no paired devices connected.
2026-05-01 21:02:48,277 [INFO] [MainThread] [root/bluetooth.py:333]: Bluetooth: Bluetooth is on, but no paired devices connected.
2026-05-01 21:02:49,318 [INFO] [MainThread] [root/bluetooth.py:333]: Bluetooth: Bluetooth is on, but no paired devices connected.
2026-05-01 21:02:51,277 [INFO] [MainThread] [root/bluetooth.py:333]: Bluetooth: Bluetooth is on, but no paired devices connected.
2026-05-01 21:02:52,318 [INFO] [MainThread] [root/bluetooth.py:333]: Bluetooth: Bluetooth is on, but no paired devices connected.
2026-05-01 21:02:54,277 [INFO] [MainThread] [root/bluetooth.py:333]: Bluetooth: Bluetooth is on, but no paired devices connected.
2026-05-01 21:02:55,317 [INFO] [MainThread] [root/bluetooth.py:333]: Bluetooth: Bluetooth is on, but no paired devices connected.
2026-05-01 21:02:57,271 [INFO] [MainThread] [root/bluetooth.py:333]: Bluetooth: Bluetooth is on, but no paired devices connected.
2026-05-01 21:02:58,319 [INFO] [MainThread] [root/bluetooth.py:333]: Bluetooth: Bluetooth is on, but no paired devices connected.
2026-05-01 21:03:00,277 [INFO] [MainThread] [root/bluetooth.py:333]: Bluetooth: Bluetooth is on, but no paired devices connected.
2026-05-01 21:03:01,317 [INFO] [MainThread] [root/bluetooth.py:333]: Bluetooth: Bluetooth is on, but no paired devices connected.
2026-05-01 21:03:01,808 [DEBUG] [Thread-7] [root/watcher.py:84]: Stylesheet modified: c:\users\omarpc\.config\yasb\styles.css
2026-05-01 21:03:03,278 [INFO] [MainThread] [root/bluetooth.py:333]: Bluetooth: Bluetooth is on, but no paired devices connected.
2026-05-01 21:03:04,317 [INFO] [MainThread] [root/bluetooth.py:333]: Bluetooth: Bluetooth is on, but no paired devices connected.
2026-05-01 21:03:06,276 [INFO] [MainThread] [root/bluetooth.py:333]: Bluetooth: Bluetooth is on, but no paired devices connected.
2026-05-01 21:03:07,316 [INFO] [MainThread] [root/bluetooth.py:333]: Bluetooth: Bluetooth is on, but no paired devices connected.
2026-05-01 21:03:09,279 [INFO] [MainThread] [root/bluetooth.py:333]: Bluetooth: Bluetooth is on, but no paired devices connected.
2026-05-01 21:03:10,317 [INFO] [MainThread] [root/bluetooth.py:333]: Bluetooth: Bluetooth is on, but no paired devices connected.
2026-05-01 21:03:12,277 [INFO] [MainThread] [root/bluetooth.py:333]: Bluetooth: Bluetooth is on, but no paired devices connected.
2026-05-01 21:03:13,325 [INFO] [MainThread] [root/bluetooth.py:333]: Bluetooth: Bluetooth is on, but no paired devices connected.
2026-05-01 21:03:15,278 [INFO] [MainThread] [root/bluetooth.py:333]: Bluetooth: Bluetooth is on, but no paired devices connected.
2026-05-01 21:03:16,317 [INFO] [MainThread] [root/bluetooth.py:333]: Bluetooth: Bluetooth is on, but no paired devices connected.
2026-05-01 21:03:16,431 [DEBUG] [Thread-7] [root/watcher.py:84]: Stylesheet modified: c:\users\omarpc\.config\yasb\styles.css
2026-05-01 21:03:18,276 [INFO] [MainThread] [root/bluetooth.py:333]: Bluetooth: Bluetooth is on, but no paired devices connected.
2026-05-01 21:03:19,318 [INFO] [MainThread] [root/bluetooth.py:333]: Bluetooth: Bluetooth is on, but no paired devices connected.
2026-05-01 21:03:20,103 [DEBUG] [Thread-7] [root/watcher.py:84]: Stylesheet modified: c:\users\omarpc\.config\yasb\styles.css
2026-05-01 21:03:21,276 [INFO] [MainThread] [root/bluetooth.py:333]: Bluetooth: Bluetooth is on, but no paired devices connected.
2026-05-01 21:03:22,318 [INFO] [MainThread] [root/bluetooth.py:333]: Bluetooth: Bluetooth is on, but no paired devices connected.
2026-05-01 21:03:22,598 [DEBUG] [Thread-7] [root/watcher.py:84]: Stylesheet modified: c:\users\omarpc\.config\yasb\styles.css
2026-05-01 21:03:24,276 [INFO] [MainThread] [root/bluetooth.py:333]: Bluetooth: Bluetooth is on, but no paired devices connected.
2026-05-01 21:03:24,854 [DEBUG] [Thread-7] [root/watcher.py:84]: Stylesheet modified: c:\users\omarpc\.config\yasb\styles.css
2026-05-01 21:03:25,317 [INFO] [MainThread] [root/bluetooth.py:333]: Bluetooth: Bluetooth is on, but no paired devices connected.
2026-05-01 21:03:27,275 [INFO] [MainThread] [root/bluetooth.py:333]: Bluetooth: Bluetooth is on, but no paired devices connected.
2026-05-01 21:03:28,319 [INFO] [MainThread] [root/bluetooth.py:333]: Bluetooth: Bluetooth is on, but no paired devices connected.
2026-05-01 21:03:30,276 [INFO] [MainThread] [root/bluetooth.py:333]: Bluetooth: Bluetooth is on, but no paired devices connected.
2026-05-01 21:03:31,316 [INFO] [MainThread] [root/bluetooth.py:333]: Bluetooth: Bluetooth is on, but no paired devices connected.
2026-05-01 21:03:33,276 [INFO] [MainThread] [root/bluetooth.py:333]: Bluetooth: Bluetooth is on, but no paired devices connected.
2026-05-01 21:03:34,317 [INFO] [MainThread] [root/bluetooth.py:333]: Bluetooth: Bluetooth is on, but no paired devices connected.
2026-05-01 21:03:36,276 [INFO] [MainThread] [root/bluetooth.py:333]: Bluetooth: Bluetooth is on, but no paired devices connected.
2026-05-01 21:03:37,316 [INFO] [MainThread] [root/bluetooth.py:333]: Bluetooth: Bluetooth is on, but no paired devices connected.
2026-05-01 21:03:39,270 [INFO] [MainThread] [root/bluetooth.py:333]: Bluetooth: Bluetooth is on, but no paired devices connected.
2026-05-01 21:03:40,317 [INFO] [MainThread] [root/bluetooth.py:333]: Bluetooth: Bluetooth is on, but no paired devices connected.
2026-05-01 21:03:42,276 [INFO] [MainThread] [root/bluetooth.py:333]: Bluetooth: Bluetooth is on, but no paired devices connected.
2026-05-01 21:03:43,318 [INFO] [MainThread] [root/bluetooth.py:333]: Bluetooth: Bluetooth is on, but no paired devices connected.
2026-05-01 21:03:45,276 [INFO] [MainThread] [root/bluetooth.py:333]: Bluetooth: Bluetooth is on, but no paired devices connected.
2026-05-01 21:03:46,316 [INFO] [MainThread] [root/bluetooth.py:333]: Bluetooth: Bluetooth is on, but no paired devices connected.
2026-05-01 21:03:48,275 [INFO] [MainThread] [root/bluetooth.py:333]: Bluetooth: Bluetooth is on, but no paired devices connected.
2026-05-01 21:03:49,316 [INFO] [MainThread] [root/bluetooth.py:333]: Bluetooth: Bluetooth is on, but no paired devices connected.
2026-05-01 21:03:51,361 [INFO] [MainThread] [root/bluetooth.py:333]: Bluetooth: Bluetooth is on, but no paired devices connected.
2026-05-01 21:03:52,317 [INFO] [MainThread] [root/bluetooth.py:333]: Bluetooth: Bluetooth is on, but no paired devices connected.
2026-05-01 21:03:54,276 [INFO] [MainThread] [root/bluetooth.py:333]: Bluetooth: Bluetooth is on, but no paired devices connected.
2026-05-01 21:03:55,318 [INFO] [MainThread] [root/bluetooth.py:333]: Bluetooth: Bluetooth is on, but no paired devices connected.
2026-05-01 21:03:57,276 [INFO] [MainThread] [root/bluetooth.py:333]: Bluetooth: Bluetooth is on, but no paired devices connected.
2026-05-01 21:03:58,316 [INFO] [MainThread] [root/bluetooth.py:333]: Bluetooth: Bluetooth is on, but no paired devices connected.
2026-05-01 21:04:00,271 [INFO] [MainThread] [root/bluetooth.py:333]: Bluetooth: Bluetooth is on, but no paired devices connected.
2026-05-01 21:04:01,316 [INFO] [MainThread] [root/bluetooth.py:333]: Bluetooth: Bluetooth is on, but no paired devices connected.
2026-05-01 21:04:03,276 [INFO] [MainThread] [root/bluetooth.py:333]: Bluetooth: Bluetooth is on, but no paired devices connected.
2026-05-01 21:04:04,316 [INFO] [MainThread] [root/bluetooth.py:333]: Bluetooth: Bluetooth is on, but no paired devices connected.
2026-05-01 21:04:06,276 [INFO] [MainThread] [root/bluetooth.py:333]: Bluetooth: Bluetooth is on, but no paired devices connected.
2026-05-01 21:04:07,316 [INFO] [MainThread] [root/bluetooth.py:333]: Bluetooth: Bluetooth is on, but no paired devices connected.
2026-05-01 21:04:09,278 [INFO] [MainThread] [root/bluetooth.py:333]: Bluetooth: Bluetooth is on, but no paired devices connected.
2026-05-01 21:04:10,317 [INFO] [MainThread] [root/bluetooth.py:333]: Bluetooth: Bluetooth is on, but no paired devices connected.
2026-05-01 21:04:12,277 [INFO] [MainThread] [root/bluetooth.py:333]: Bluetooth: Bluetooth is on, but no paired devices connected.
2026-05-01 21:04:13,318 [INFO] [MainThread] [root/bluetooth.py:333]: Bluetooth: Bluetooth is on, but no paired devices connected.
2026-05-01 21:04:15,277 [INFO] [MainThread] [root/bluetooth.py:333]: Bluetooth: Bluetooth is on, but no paired devices connected.
2026-05-01 21:04:16,316 [INFO] [MainThread] [root/bluetooth.py:333]: Bluetooth: Bluetooth is on, but no paired devices connected.
2026-05-01 21:04:18,276 [INFO] [MainThread] [root/bluetooth.py:333]: Bluetooth: Bluetooth is on, but no paired devices connected.
2026-05-01 21:04:19,317 [INFO] [MainThread] [root/bluetooth.py:333]: Bluetooth: Bluetooth is on, but no paired devices connected.
2026-05-01 21:04:21,270 [INFO] [MainThread] [root/bluetooth.py:333]: Bluetooth: Bluetooth is on, but no paired devices connected.
2026-05-01 21:04:22,318 [INFO] [MainThread] [root/bluetooth.py:333]: Bluetooth: Bluetooth is on, but no paired devices connected.
2026-05-01 21:04:22,846 [DEBUG] [Thread-7] [root/watcher.py:84]: Stylesheet modified: c:\users\omarpc\.config\yasb\styles.css
2026-05-01 21:04:24,276 [INFO] [MainThread] [root/bluetooth.py:333]: Bluetooth: Bluetooth is on, but no paired devices connected.
2026-05-01 21:04:25,318 [INFO] [MainThread] [root/bluetooth.py:333]: Bluetooth: Bluetooth is on, but no paired devices connected.
2026-05-01 21:04:27,276 [INFO] [MainThread] [root/bluetooth.py:333]: Bluetooth: Bluetooth is on, but no paired devices connected.
2026-05-01 21:04:28,318 [INFO] [MainThread] [root/bluetooth.py:333]: Bluetooth: Bluetooth is on, but no paired devices connected.
2026-05-01 21:04:30,275 [INFO] [MainThread] [root/bluetooth.py:333]: Bluetooth: Bluetooth is on, but no paired devices connected.
2026-05-01 21:04:31,317 [INFO] [MainThread] [root/bluetooth.py:333]: Bluetooth: Bluetooth is on, but no paired devices connected.
2026-05-01 21:04:33,275 [INFO] [MainThread] [root/bluetooth.py:333]: Bluetooth: Bluetooth is on, but no paired devices connected.
2026-05-01 21:04:34,316 [INFO] [MainThread] [root/bluetooth.py:333]: Bluetooth: Bluetooth is on, but no paired devices connected.
2026-05-01 21:04:36,276 [INFO] [MainThread] [root/bluetooth.py:333]: Bluetooth: Bluetooth is on, but no paired devices connected.
2026-05-01 21:04:37,323 [INFO] [MainThread] [root/bluetooth.py:333]: Bluetooth: Bluetooth is on, but no paired devices connected.
2026-05-01 21:04:39,275 [INFO] [MainThread] [root/bluetooth.py:333]: Bluetooth: Bluetooth is on, but no paired devices connected.
2026-05-01 21:04:39,572 [DEBUG] [Thread-7] [root/watcher.py:84]: Stylesheet modified: c:\users\omarpc\.config\yasb\styles.css
2026-05-01 21:04:40,316 [INFO] [MainThread] [root/bluetooth.py:333]: Bluetooth: Bluetooth is on, but no paired devices connected.
2026-05-01 21:04:42,270 [INFO] [MainThread] [root/bluetooth.py:333]: Bluetooth: Bluetooth is on, but no paired devices connected.
2026-05-01 21:04:42,596 [DEBUG] [Thread-7] [root/watcher.py:84]: Stylesheet modified: c:\users\omarpc\.config\yasb\styles.css
2026-05-01 21:04:43,316 [INFO] [MainThread] [root/bluetooth.py:333]: Bluetooth: Bluetooth is on, but no paired devices connected.
2026-05-01 21:04:45,275 [INFO] [MainThread] [root/bluetooth.py:333]: Bluetooth: Bluetooth is on, but no paired devices connected.
2026-05-01 21:04:46,316 [INFO] [MainThread] [root/bluetooth.py:333]: Bluetooth: Bluetooth is on, but no paired devices connected.
2026-05-01 21:04:48,276 [INFO] [MainThread] [root/bluetooth.py:333]: Bluetooth: Bluetooth is on, but no paired devices connected.
2026-05-01 21:04:49,322 [INFO] [MainThread] [root/bluetooth.py:333]: Bluetooth: Bluetooth is on, but no paired devices connected.
2026-05-01 21:04:51,276 [INFO] [MainThread] [root/bluetooth.py:333]: Bluetooth: Bluetooth is on, but no paired devices connected.
2026-05-01 21:04:52,324 [INFO] [MainThread] [root/bluetooth.py:333]: Bluetooth: Bluetooth is on, but no paired devices connected.
2026-05-01 21:04:54,276 [INFO] [MainThread] [root/bluetooth.py:333]: Bluetooth: Bluetooth is on, but no paired devices connected.
2026-05-01 21:04:55,322 [INFO] [MainThread] [root/bluetooth.py:333]: Bluetooth: Bluetooth is on, but no paired devices connected.
2026-05-01 21:04:57,275 [INFO] [MainThread] [root/bluetooth.py:333]: Bluetooth: Bluetooth is on, but no paired devices connected.
2026-05-01 21:04:58,316 [INFO] [MainThread] [root/bluetooth.py:333]: Bluetooth: Bluetooth is on, but no paired devices connected.
2026-05-01 21:05:00,275 [INFO] [MainThread] [root/bluetooth.py:333]: Bluetooth: Bluetooth is on, but no paired devices connected.
2026-05-01 21:05:01,324 [INFO] [MainThread] [root/bluetooth.py:333]: Bluetooth: Bluetooth is on, but no paired devices connected.
2026-05-01 21:05:03,272 [INFO] [MainThread] [root/bluetooth.py:333]: Bluetooth: Bluetooth is on, but no paired devices connected.
2026-05-01 21:05:04,316 [INFO] [MainThread] [root/bluetooth.py:333]: Bluetooth: Bluetooth is on, but no paired devices connected.
2026-05-01 21:05:05,895 [DEBUG] [Thread-7] [root/watcher.py:84]: Stylesheet modified: c:\users\omarpc\.config\yasb\styles.css
2026-05-01 21:05:06,275 [INFO] [MainThread] [root/bluetooth.py:333]: Bluetooth: Bluetooth is on, but no paired devices connected.
2026-05-01 21:05:07,318 [INFO] [MainThread] [root/bluetooth.py:333]: Bluetooth: Bluetooth is on, but no paired devices connected.
2026-05-01 21:05:07,741 [DEBUG] [Thread-7] [root/watcher.py:84]: Stylesheet modified: c:\users\omarpc\.config\yasb\styles.css
2026-05-01 21:05:09,276 [INFO] [MainThread] [root/bluetooth.py:333]: Bluetooth: Bluetooth is on, but no paired devices connected.
2026-05-01 21:05:10,315 [INFO] [MainThread] [root/bluetooth.py:333]: Bluetooth: Bluetooth is on, but no paired devices connected.
2026-05-01 21:05:12,275 [INFO] [MainThread] [root/bluetooth.py:333]: Bluetooth: Bluetooth is on, but no paired devices connected.
2026-05-01 21:05:13,316 [INFO] [MainThread] [root/bluetooth.py:333]: Bluetooth: Bluetooth is on, but no paired devices connected.
2026-05-01 21:05:15,276 [INFO] [MainThread] [root/bluetooth.py:333]: Bluetooth: Bluetooth is on, but no paired devices connected.
2026-05-01 21:05:16,316 [INFO] [MainThread] [root/bluetooth.py:333]: Bluetooth: Bluetooth is on, but no paired devices connected.
2026-05-01 21:05:18,275 [INFO] [MainThread] [root/bluetooth.py:333]: Bluetooth: Bluetooth is on, but no paired devices connected.
2026-05-01 21:05:19,316 [INFO] [MainThread] [root/bluetooth.py:333]: Bluetooth: Bluetooth is on, but no paired devices connected.
2026-05-01 21:05:21,276 [INFO] [MainThread] [root/bluetooth.py:333]: Bluetooth: Bluetooth is on, but no paired devices connected.
2026-05-01 21:05:22,316 [INFO] [MainThread] [root/bluetooth.py:333]: Bluetooth: Bluetooth is on, but no paired devices connected.
2026-05-01 21:05:24,269 [INFO] [MainThread] [root/bluetooth.py:333]: Bluetooth: Bluetooth is on, but no paired devices connected.
2026-05-01 21:05:25,315 [INFO] [MainThread] [root/bluetooth.py:333]: Bluetooth: Bluetooth is on, but no paired devices connected.
2026-05-01 21:05:27,274 [INFO] [MainThread] [root/bluetooth.py:333]: Bluetooth: Bluetooth is on, but no paired devices connected.
2026-05-01 21:05:28,316 [INFO] [MainThread] [root/bluetooth.py:333]: Bluetooth: Bluetooth is on, but no paired devices connected.
2026-05-01 21:05:30,273 [INFO] [MainThread] [root/bluetooth.py:333]: Bluetooth: Bluetooth is on, but no paired devices connected.
2026-05-01 21:05:31,315 [INFO] [MainThread] [root/bluetooth.py:333]: Bluetooth: Bluetooth is on, but no paired devices connected.
2026-05-01 21:05:32,020 [DEBUG] [Thread-7] [root/watcher.py:84]: Stylesheet modified: c:\users\omarpc\.config\yasb\styles.css
2026-05-01 21:05:33,275 [INFO] [MainThread] [root/bluetooth.py:333]: Bluetooth: Bluetooth is on, but no paired devices connected.
2026-05-01 21:05:34,315 [INFO] [MainThread] [root/bluetooth.py:333]: Bluetooth: Bluetooth is on, but no paired devices connected.
2026-05-01 21:05:36,149 [DEBUG] [Thread-7] [root/watcher.py:84]: Stylesheet modified: c:\users\omarpc\.config\yasb\styles.css
2026-05-01 21:05:36,272 [INFO] [MainThread] [root/bluetooth.py:333]: Bluetooth: Bluetooth is on, but no paired devices connected.
2026-05-01 21:05:37,315 [INFO] [MainThread] [root/bluetooth.py:333]: Bluetooth: Bluetooth is on, but no paired devices connected.
2026-05-01 21:05:39,274 [INFO] [MainThread] [root/bluetooth.py:333]: Bluetooth: Bluetooth is on, but no paired devices connected.
2026-05-01 21:05:40,315 [INFO] [MainThread] [root/bluetooth.py:333]: Bluetooth: Bluetooth is on, but no paired devices connected.
2026-05-01 21:05:42,274 [INFO] [MainThread] [root/bluetooth.py:333]: Bluetooth: Bluetooth is on, but no paired devices connected.
2026-05-01 21:05:43,314 [INFO] [MainThread] [root/bluetooth.py:333]: Bluetooth: Bluetooth is on, but no paired devices connected.
2026-05-01 21:05:45,270 [INFO] [MainThread] [root/bluetooth.py:333]: Bluetooth: Bluetooth is on, but no paired devices connected.
2026-05-01 21:05:46,316 [INFO] [MainThread] [root/bluetooth.py:333]: Bluetooth: Bluetooth is on, but no paired devices connected.
2026-05-01 21:05:48,276 [INFO] [MainThread] [root/bluetooth.py:333]: Bluetooth: Bluetooth is on, but no paired devices connected.
2026-05-01 21:05:49,316 [INFO] [MainThread] [root/bluetooth.py:333]: Bluetooth: Bluetooth is on, but no paired devices connected.
2026-05-01 21:05:51,269 [INFO] [MainThread] [root/bluetooth.py:333]: Bluetooth: Bluetooth is on, but no paired devices connected.
2026-05-01 21:05:52,315 [INFO] [MainThread] [root/bluetooth.py:333]: Bluetooth: Bluetooth is on, but no paired devices connected.
2026-05-01 21:05:54,275 [INFO] [MainThread] [root/bluetooth.py:333]: Bluetooth: Bluetooth is on, but no paired devices connected.
2026-05-01 21:05:55,316 [INFO] [MainThread] [root/bluetooth.py:333]: Bluetooth: Bluetooth is on, but no paired devices connected.
2026-05-01 21:05:56,032 [DEBUG] [Thread-7] [root/watcher.py:84]: Stylesheet modified: c:\users\omarpc\.config\yasb\styles.css
2026-05-01 21:05:57,275 [INFO] [MainThread] [root/bluetooth.py:333]: Bluetooth: Bluetooth is on, but no paired devices connected.
2026-05-01 21:05:58,315 [INFO] [MainThread] [root/bluetooth.py:333]: Bluetooth: Bluetooth is on, but no paired devices connected.
2026-05-01 21:06:00,275 [INFO] [MainThread] [root/bluetooth.py:333]: Bluetooth: Bluetooth is on, but no paired devices connected.
2026-05-01 21:06:01,315 [INFO] [MainThread] [root/bluetooth.py:333]: Bluetooth: Bluetooth is on, but no paired devices connected.
2026-05-01 21:06:03,274 [INFO] [MainThread] [root/bluetooth.py:333]: Bluetooth: Bluetooth is on, but no paired devices connected.
2026-05-01 21:06:04,314 [INFO] [MainThread] [root/bluetooth.py:333]: Bluetooth: Bluetooth is on, but no paired devices connected.
2026-05-01 21:06:06,268 [INFO] [MainThread] [root/bluetooth.py:333]: Bluetooth: Bluetooth is on, but no paired devices connected.
2026-05-01 21:06:07,314 [INFO] [MainThread] [root/bluetooth.py:333]: Bluetooth: Bluetooth is on, but no paired devices connected.
2026-05-01 21:06:09,276 [INFO] [MainThread] [root/bluetooth.py:333]: Bluetooth: Bluetooth is on, but no paired devices connected.
2026-05-01 21:06:10,316 [INFO] [MainThread] [root/bluetooth.py:333]: Bluetooth: Bluetooth is on, but no paired devices connected.
2026-05-01 21:06:12,274 [INFO] [MainThread] [root/bluetooth.py:333]: Bluetooth: Bluetooth is on, but no paired devices connected.
2026-05-01 21:06:13,314 [INFO] [MainThread] [root/bluetooth.py:333]: Bluetooth: Bluetooth is on, but no paired devices connected.
2026-05-01 21:06:15,274 [INFO] [MainThread] [root/bluetooth.py:333]: Bluetooth: Bluetooth is on, but no paired devices connected.
2026-05-01 21:06:16,315 [INFO] [MainThread] [root/bluetooth.py:333]: Bluetooth: Bluetooth is on, but no paired devices connected.
2026-05-01 21:06:18,274 [INFO] [MainThread] [root/bluetooth.py:333]: Bluetooth: Bluetooth is on, but no paired devices connected.
2026-05-01 21:06:19,315 [INFO] [MainThread] [root/bluetooth.py:333]: Bluetooth: Bluetooth is on, but no paired devices connected.
2026-05-01 21:06:21,275 [INFO] [MainThread] [root/bluetooth.py:333]: Bluetooth: Bluetooth is on, but no paired devices connected.
2026-05-01 21:06:22,314 [INFO] [MainThread] [root/bluetooth.py:333]: Bluetooth: Bluetooth is on, but no paired devices connected.
2026-05-01 21:06:24,269 [INFO] [MainThread] [root/bluetooth.py:333]: Bluetooth: Bluetooth is on, but no paired devices connected.
2026-05-01 21:06:25,315 [INFO] [MainThread] [root/bluetooth.py:333]: Bluetooth: Bluetooth is on, but no paired devices connected.
2026-05-01 21:06:27,261 [DEBUG] [Thread-7] [root/watcher.py:84]: Stylesheet modified: c:\users\omarpc\.config\yasb\styles.css
2026-05-01 21:06:27,358 [INFO] [MainThread] [root/bluetooth.py:333]: Bluetooth: Bluetooth is on, but no paired devices connected.
2026-05-01 21:06:28,316 [INFO] [MainThread] [root/bluetooth.py:333]: Bluetooth: Bluetooth is on, but no paired devices connected.
2026-05-01 21:06:30,275 [INFO] [MainThread] [root/bluetooth.py:333]: Bluetooth: Bluetooth is on, but no paired devices connected.
2026-05-01 21:06:31,315 [INFO] [MainThread] [root/bluetooth.py:333]: Bluetooth: Bluetooth is on, but no paired devices connected.
2026-05-01 21:06:33,274 [INFO] [MainThread] [root/bluetooth.py:333]: Bluetooth: Bluetooth is on, but no paired devices connected.
2026-05-01 21:06:34,315 [INFO] [MainThread] [root/bluetooth.py:333]: Bluetooth: Bluetooth is on, but no paired devices connected.
2026-05-01 21:06:36,274 [INFO] [MainThread] [root/bluetooth.py:333]: Bluetooth: Bluetooth is on, but no paired devices connected.
2026-05-01 21:06:37,315 [INFO] [MainThread] [root/bluetooth.py:333]: Bluetooth: Bluetooth is on, but no paired devices connected.
2026-05-01 21:06:39,275 [INFO] [MainThread] [root/bluetooth.py:333]: Bluetooth: Bluetooth is on, but no paired devices connected.
2026-05-01 21:06:40,314 [INFO] [MainThread] [root/bluetooth.py:333]: Bluetooth: Bluetooth is on, but no paired devices connected.
2026-05-01 21:06:42,269 [INFO] [MainThread] [root/bluetooth.py:333]: Bluetooth: Bluetooth is on, but no paired devices connected.
2026-05-01 21:06:43,316 [INFO] [MainThread] [root/bluetooth.py:333]: Bluetooth: Bluetooth is on, but no paired devices connected.
2026-05-01 21:06:45,275 [INFO] [MainThread] [root/bluetooth.py:333]: Bluetooth: Bluetooth is on, but no paired devices connected.
2026-05-01 21:06:46,314 [INFO] [MainThread] [root/bluetooth.py:333]: Bluetooth: Bluetooth is on, but no paired devices connected.
2026-05-01 21:06:48,269 [INFO] [MainThread] [root/bluetooth.py:333]: Bluetooth: Bluetooth is on, but no paired devices connected.
2026-05-01 21:06:49,315 [INFO] [MainThread] [root/bluetooth.py:333]: Bluetooth: Bluetooth is on, but no paired devices connected.
2026-05-01 21:06:51,274 [INFO] [MainThread] [root/bluetooth.py:333]: Bluetooth: Bluetooth is on, but no paired devices connected.
2026-05-01 21:06:52,315 [INFO] [MainThread] [root/bluetooth.py:333]: Bluetooth: Bluetooth is on, but no paired devices connected.
2026-05-01 21:06:54,274 [INFO] [MainThread] [root/bluetooth.py:333]: Bluetooth: Bluetooth is on, but no paired devices connected.
2026-05-01 21:06:55,314 [INFO] [MainThread] [root/bluetooth.py:333]: Bluetooth: Bluetooth is on, but no paired devices connected.
2026-05-01 21:06:57,273 [INFO] [MainThread] [root/bluetooth.py:333]: Bluetooth: Bluetooth is on, but no paired devices connected.
2026-05-01 21:06:58,315 [INFO] [MainThread] [root/bluetooth.py:333]: Bluetooth: Bluetooth is on, but no paired devices connected.
2026-05-01 21:07:00,274 [INFO] [MainThread] [root/bluetooth.py:333]: Bluetooth: Bluetooth is on, but no paired devices connected.
2026-05-01 21:07:01,315 [INFO] [MainThread] [root/bluetooth.py:333]: Bluetooth: Bluetooth is on, but no paired devices connected.
2026-05-01 21:07:03,274 [INFO] [MainThread] [root/bluetooth.py:333]: Bluetooth: Bluetooth is on, but no paired devices connected.
2026-05-01 21:07:04,314 [INFO] [MainThread] [root/bluetooth.py:333]: Bluetooth: Bluetooth is on, but no paired devices connected.
2026-05-01 21:07:06,273 [INFO] [MainThread] [root/bluetooth.py:333]: Bluetooth: Bluetooth is on, but no paired devices connected.
2026-05-01 21:07:07,315 [INFO] [MainThread] [root/bluetooth.py:333]: Bluetooth: Bluetooth is on, but no paired devices connected.
2026-05-01 21:07:09,268 [INFO] [MainThread] [root/bluetooth.py:333]: Bluetooth: Bluetooth is on, but no paired devices connected.
2026-05-01 21:07:10,314 [INFO] [MainThread] [root/bluetooth.py:333]: Bluetooth: Bluetooth is on, but no paired devices connected.
2026-05-01 21:07:11,151 [DEBUG] [Thread-7] [root/watcher.py:84]: Stylesheet modified: c:\users\omarpc\.config\yasb\styles.css
2026-05-01 21:07:12,274 [INFO] [MainThread] [root/bluetooth.py:333]: Bluetooth: Bluetooth is on, but no paired devices connected.
2026-05-01 21:07:12,875 [DEBUG] [Thread-7] [root/watcher.py:84]: Stylesheet modified: c:\users\omarpc\.config\yasb\styles.css
2026-05-01 21:07:13,316 [INFO] [MainThread] [root/bluetooth.py:333]: Bluetooth: Bluetooth is on, but no paired devices connected.
2026-05-01 21:07:15,274 [INFO] [MainThread] [root/bluetooth.py:333]: Bluetooth: Bluetooth is on, but no paired devices connected.
2026-05-01 21:07:16,314 [INFO] [MainThread] [root/bluetooth.py:333]: Bluetooth: Bluetooth is on, but no paired devices connected.
2026-05-01 21:07:16,840 [DEBUG] [Thread-7] [root/watcher.py:84]: Stylesheet modified: c:\users\omarpc\.config\yasb\styles.css
2026-05-01 21:07:18,273 [INFO] [MainThread] [root/bluetooth.py:333]: Bluetooth: Bluetooth is on, but no paired devices connected.
2026-05-01 21:07:19,264 [DEBUG] [Thread-7] [root/watcher.py:84]: Stylesheet modified: c:\users\omarpc\.config\yasb\styles.css
2026-05-01 21:07:19,355 [INFO] [MainThread] [root/bluetooth.py:333]: Bluetooth: Bluetooth is on, but no paired devices connected.
2026-05-01 21:07:21,274 [INFO] [MainThread] [root/bluetooth.py:333]: Bluetooth: Bluetooth is on, but no paired devices connected.
2026-05-01 21:07:22,315 [INFO] [MainThread] [root/bluetooth.py:333]: Bluetooth: Bluetooth is on, but no paired devices connected.
2026-05-01 21:07:23,211 [DEBUG] [Thread-7] [root/watcher.py:84]: Stylesheet modified: c:\users\omarpc\.config\yasb\styles.css
2026-05-01 21:07:24,274 [INFO] [MainThread] [root/bluetooth.py:333]: Bluetooth: Bluetooth is on, but no paired devices connected.
2026-05-01 21:07:24,659 [DEBUG] [Thread-7] [root/watcher.py:84]: Stylesheet modified: c:\users\omarpc\.config\yasb\styles.css
2026-05-01 21:07:25,315 [INFO] [MainThread] [root/bluetooth.py:333]: Bluetooth: Bluetooth is on, but no paired devices connected.
2026-05-01 21:07:27,171 [DEBUG] [Thread-7] [root/watcher.py:84]: Stylesheet modified: c:\users\omarpc\.config\yasb\styles.css
2026-05-01 21:07:27,269 [INFO] [MainThread] [root/bluetooth.py:333]: Bluetooth: Bluetooth is on, but no paired devices connected.
2026-05-01 21:07:28,314 [INFO] [MainThread] [root/bluetooth.py:333]: Bluetooth: Bluetooth is on, but no paired devices connected.
2026-05-01 21:07:30,267 [INFO] [MainThread] [root/bluetooth.py:333]: Bluetooth: Bluetooth is on, but no paired devices connected.
2026-05-01 21:07:30,851 [DEBUG] [Thread-7] [root/watcher.py:84]: Stylesheet modified: c:\users\omarpc\.config\yasb\styles.css
2026-05-01 21:07:31,315 [INFO] [MainThread] [root/bluetooth.py:333]: Bluetooth: Bluetooth is on, but no paired devices connected.
2026-05-01 21:07:33,273 [INFO] [MainThread] [root/bluetooth.py:333]: Bluetooth: Bluetooth is on, but no paired devices connected.
2026-05-01 21:07:34,314 [INFO] [MainThread] [root/bluetooth.py:333]: Bluetooth: Bluetooth is on, but no paired devices connected.
2026-05-01 21:07:36,274 [INFO] [MainThread] [root/bluetooth.py:333]: Bluetooth: Bluetooth is on, but no paired devices connected.
2026-05-01 21:07:37,314 [INFO] [MainThread] [root/bluetooth.py:333]: Bluetooth: Bluetooth is on, but no paired devices connected.
2026-05-01 21:07:39,273 [INFO] [MainThread] [root/bluetooth.py:333]: Bluetooth: Bluetooth is on, but no paired devices connected.
2026-05-01 21:07:39,568 [DEBUG] [Thread-7] [root/watcher.py:84]: Stylesheet modified: c:\users\omarpc\.config\yasb\styles.css
2026-05-01 21:07:40,314 [INFO] [MainThread] [root/bluetooth.py:333]: Bluetooth: Bluetooth is on, but no paired devices connected.
2026-05-01 21:07:42,267 [INFO] [MainThread] [root/bluetooth.py:333]: Bluetooth: Bluetooth is on, but no paired devices connected.
2026-05-01 21:07:43,313 [INFO] [MainThread] [root/bluetooth.py:333]: Bluetooth: Bluetooth is on, but no paired devices connected.
2026-05-01 21:07:45,271 [INFO] [MainThread] [root/bluetooth.py:333]: Bluetooth: Bluetooth is on, but no paired devices connected.
2026-05-01 21:07:46,313 [INFO] [MainThread] [root/bluetooth.py:333]: Bluetooth: Bluetooth is on, but no paired devices connected.
2026-05-01 21:07:48,274 [INFO] [MainThread] [root/bluetooth.py:333]: Bluetooth: Bluetooth is on, but no paired devices connected.
2026-05-01 21:07:49,314 [INFO] [MainThread] [root/bluetooth.py:333]: Bluetooth: Bluetooth is on, but no paired devices connected.
2026-05-01 21:07:49,322 [DEBUG] [Thread-7] [root/watcher.py:84]: Stylesheet modified: c:\users\omarpc\.config\yasb\styles.css
2026-05-01 21:07:51,269 [INFO] [MainThread] [root/bluetooth.py:333]: Bluetooth: Bluetooth is on, but no paired devices connected.
2026-05-01 21:07:51,924 [DEBUG] [Thread-7] [root/watcher.py:84]: Stylesheet modified: c:\users\omarpc\.config\yasb\styles.css
2026-05-01 21:07:52,314 [INFO] [MainThread] [root/bluetooth.py:333]: Bluetooth: Bluetooth is on, but no paired devices connected.
2026-05-01 21:07:54,274 [INFO] [MainThread] [root/bluetooth.py:333]: Bluetooth: Bluetooth is on, but no paired devices connected.
2026-05-01 21:07:55,314 [INFO] [MainThread] [root/bluetooth.py:333]: Bluetooth: Bluetooth is on, but no paired devices connected.
2026-05-01 21:07:57,274 [INFO] [MainThread] [root/bluetooth.py:333]: Bluetooth: Bluetooth is on, but no paired devices connected.
2026-05-01 21:07:58,314 [INFO] [MainThread] [root/bluetooth.py:333]: Bluetooth: Bluetooth is on, but no paired devices connected.
2026-05-01 21:08:00,274 [INFO] [MainThread] [root/bluetooth.py:333]: Bluetooth: Bluetooth is on, but no paired devices connected.
2026-05-01 21:08:01,314 [INFO] [MainThread] [root/bluetooth.py:333]: Bluetooth: Bluetooth is on, but no paired devices connected.
2026-05-01 21:08:03,273 [INFO] [MainThread] [root/bluetooth.py:333]: Bluetooth: Bluetooth is on, but no paired devices connected.
2026-05-01 21:08:04,314 [INFO] [MainThread] [root/bluetooth.py:333]: Bluetooth: Bluetooth is on, but no paired devices connected.
2026-05-01 21:08:06,273 [INFO] [MainThread] [root/bluetooth.py:333]: Bluetooth: Bluetooth is on, but no paired devices connected.
2026-05-01 21:08:07,314 [INFO] [MainThread] [root/bluetooth.py:333]: Bluetooth: Bluetooth is on, but no paired devices connected.
2026-05-01 21:08:09,273 [INFO] [MainThread] [root/bluetooth.py:333]: Bluetooth: Bluetooth is on, but no paired devices connected.
2026-05-01 21:08:10,315 [INFO] [MainThread] [root/bluetooth.py:333]: Bluetooth: Bluetooth is on, but no paired devices connected.
2026-05-01 21:08:12,268 [INFO] [MainThread] [root/bluetooth.py:333]: Bluetooth: Bluetooth is on, but no paired devices connected.
2026-05-01 21:08:13,315 [INFO] [MainThread] [root/bluetooth.py:333]: Bluetooth: Bluetooth is on, but no paired devices connected.
2026-05-01 21:08:15,273 [INFO] [MainThread] [root/bluetooth.py:333]: Bluetooth: Bluetooth is on, but no paired devices connected.
2026-05-01 21:08:16,315 [INFO] [MainThread] [root/bluetooth.py:333]: Bluetooth: Bluetooth is on, but no paired devices connected.
2026-05-01 21:08:18,272 [INFO] [MainThread] [root/bluetooth.py:333]: Bluetooth: Bluetooth is on, but no paired devices connected.
2026-05-01 21:08:19,313 [INFO] [MainThread] [root/bluetooth.py:333]: Bluetooth: Bluetooth is on, but no paired devices connected.
2026-05-01 21:08:21,273 [INFO] [MainThread] [root/bluetooth.py:333]: Bluetooth: Bluetooth is on, but no paired devices connected.
2026-05-01 21:08:22,313 [INFO] [MainThread] [root/bluetooth.py:333]: Bluetooth: Bluetooth is on, but no paired devices connected.
2026-05-01 21:08:24,273 [INFO] [MainThread] [root/bluetooth.py:333]: Bluetooth: Bluetooth is on, but no paired devices connected.
2026-05-01 21:08:25,314 [INFO] [MainThread] [root/bluetooth.py:333]: Bluetooth: Bluetooth is on, but no paired devices connected.
2026-05-01 21:08:27,272 [INFO] [MainThread] [root/bluetooth.py:333]: Bluetooth: Bluetooth is on, but no paired devices connected.
2026-05-01 21:08:28,313 [INFO] [MainThread] [root/bluetooth.py:333]: Bluetooth: Bluetooth is on, but no paired devices connected.
2026-05-01 21:08:30,272 [INFO] [MainThread] [root/bluetooth.py:333]: Bluetooth: Bluetooth is on, but no paired devices connected.
2026-05-01 21:08:31,313 [INFO] [MainThread] [root/bluetooth.py:333]: Bluetooth: Bluetooth is on, but no paired devices connected.
2026-05-01 21:08:33,268 [INFO] [MainThread] [root/bluetooth.py:333]: Bluetooth: Bluetooth is on, but no paired devices connected.
2026-05-01 21:08:34,315 [INFO] [MainThread] [root/bluetooth.py:333]: Bluetooth: Bluetooth is on, but no paired devices connected.
2026-05-01 21:08:36,272 [INFO] [MainThread] [root/bluetooth.py:333]: Bluetooth: Bluetooth is on, but no paired devices connected.
2026-05-01 21:08:37,314 [INFO] [MainThread] [root/bluetooth.py:333]: Bluetooth: Bluetooth is on, but no paired devices connected.
2026-05-01 21:08:39,273 [INFO] [MainThread] [root/bluetooth.py:333]: Bluetooth: Bluetooth is on, but no paired devices connected.
2026-05-01 21:08:40,313 [INFO] [MainThread] [root/bluetooth.py:333]: Bluetooth: Bluetooth is on, but no paired devices connected.
2026-05-01 21:08:42,272 [INFO] [MainThread] [root/bluetooth.py:333]: Bluetooth: Bluetooth is on, but no paired devices connected.
2026-05-01 21:08:42,563 [DEBUG] [Thread-7] [root/watcher.py:84]: Stylesheet modified: c:\users\omarpc\.config\yasb\styles.css
2026-05-01 21:08:43,313 [INFO] [MainThread] [root/bluetooth.py:333]: Bluetooth: Bluetooth is on, but no paired devices connected.
2026-05-01 21:08:45,273 [INFO] [MainThread] [root/bluetooth.py:333]: Bluetooth: Bluetooth is on, but no paired devices connected.
2026-05-01 21:08:46,314 [INFO] [MainThread] [root/bluetooth.py:333]: Bluetooth: Bluetooth is on, but no paired devices connected.
2026-05-01 21:08:48,272 [INFO] [MainThread] [root/bluetooth.py:333]: Bluetooth: Bluetooth is on, but no paired devices connected.
2026-05-01 21:08:48,870 [DEBUG] [Thread-7] [root/watcher.py:84]: Stylesheet modified: c:\users\omarpc\.config\yasb\styles.css
2026-05-01 21:08:49,313 [INFO] [MainThread] [root/bluetooth.py:333]: Bluetooth: Bluetooth is on, but no paired devices connected.
2026-05-01 21:08:51,273 [INFO] [MainThread] [root/bluetooth.py:333]: Bluetooth: Bluetooth is on, but no paired devices connected.
2026-05-01 21:08:51,942 [DEBUG] [Thread-7] [root/watcher.py:84]: Stylesheet modified: c:\users\omarpc\.config\yasb\styles.css
2026-05-01 21:08:52,312 [INFO] [MainThread] [root/bluetooth.py:333]: Bluetooth: Bluetooth is on, but no paired devices connected.
2026-05-01 21:08:54,266 [INFO] [MainThread] [root/bluetooth.py:333]: Bluetooth: Bluetooth is on, but no paired devices connected.
2026-05-01 21:08:55,313 [INFO] [MainThread] [root/bluetooth.py:333]: Bluetooth: Bluetooth is on, but no paired devices connected.
2026-05-01 21:08:56,122 [DEBUG] [Thread-7] [root/watcher.py:84]: Stylesheet modified: c:\users\omarpc\.config\yasb\styles.css
2026-05-01 21:08:57,272 [INFO] [MainThread] [root/bluetooth.py:333]: Bluetooth: Bluetooth is on, but no paired devices connected.
2026-05-01 21:08:57,859 [DEBUG] [Thread-7] [root/watcher.py:84]: Stylesheet modified: c:\users\omarpc\.config\yasb\styles.css
2026-05-01 21:08:58,312 [INFO] [MainThread] [root/bluetooth.py:333]: Bluetooth: Bluetooth is on, but no paired devices connected.
2026-05-01 21:08:59,915 [DEBUG] [Thread-7] [root/watcher.py:84]: Stylesheet modified: c:\users\omarpc\.config\yasb\styles.css
2026-05-01 21:09:00,273 [INFO] [MainThread] [root/bluetooth.py:333]: Bluetooth: Bluetooth is on, but no paired devices connected.
2026-05-01 21:09:01,315 [INFO] [MainThread] [root/bluetooth.py:333]: Bluetooth: Bluetooth is on, but no paired devices connected.
2026-05-01 21:09:03,268 [INFO] [MainThread] [root/bluetooth.py:333]: Bluetooth: Bluetooth is on, but no paired devices connected.
2026-05-01 21:09:04,313 [INFO] [MainThread] [root/bluetooth.py:333]: Bluetooth: Bluetooth is on, but no paired devices connected.
2026-05-01 21:09:06,272 [INFO] [MainThread] [root/bluetooth.py:333]: Bluetooth: Bluetooth is on, but no paired devices connected.
2026-05-01 21:09:06,307 [DEBUG] [Thread-7] [root/watcher.py:84]: Stylesheet modified: c:\users\omarpc\.config\yasb\styles.css
2026-05-01 21:09:07,314 [INFO] [MainThread] [root/bluetooth.py:333]: Bluetooth: Bluetooth is on, but no paired devices connected.
2026-05-01 21:09:09,272 [INFO] [MainThread] [root/bluetooth.py:333]: Bluetooth: Bluetooth is on, but no paired devices connected.
2026-05-01 21:09:10,312 [INFO] [MainThread] [root/bluetooth.py:333]: Bluetooth: Bluetooth is on, but no paired devices connected.
2026-05-01 21:09:12,272 [INFO] [MainThread] [root/bluetooth.py:333]: Bluetooth: Bluetooth is on, but no paired devices connected.
2026-05-01 21:09:13,313 [INFO] [MainThread] [root/bluetooth.py:333]: Bluetooth: Bluetooth is on, but no paired devices connected.
2026-05-01 21:09:15,267 [INFO] [MainThread] [root/bluetooth.py:333]: Bluetooth: Bluetooth is on, but no paired devices connected.
2026-05-01 21:09:16,313 [INFO] [MainThread] [root/bluetooth.py:333]: Bluetooth: Bluetooth is on, but no paired devices connected.
2026-05-01 21:09:18,272 [INFO] [MainThread] [root/bluetooth.py:333]: Bluetooth: Bluetooth is on, but no paired devices connected.
2026-05-01 21:09:19,314 [INFO] [MainThread] [root/bluetooth.py:333]: Bluetooth: Bluetooth is on, but no paired devices connected.
2026-05-01 21:09:19,570 [DEBUG] [Thread-7] [root/watcher.py:84]: Stylesheet modified: c:\users\omarpc\.config\yasb\styles.css
2026-05-01 21:09:21,271 [INFO] [MainThread] [root/bluetooth.py:333]: Bluetooth: Bluetooth is on, but no paired devices connected.
2026-05-01 21:09:22,201 [DEBUG] [Thread-7] [root/watcher.py:84]: Stylesheet modified: c:\users\omarpc\.config\yasb\styles.css
2026-05-01 21:09:22,314 [INFO] [MainThread] [root/bluetooth.py:333]: Bluetooth: Bluetooth is on, but no paired devices connected.
2026-05-01 21:09:24,273 [INFO] [MainThread] [root/bluetooth.py:333]: Bluetooth: Bluetooth is on, but no paired devices connected.
2026-05-01 21:09:25,314 [INFO] [MainThread] [root/bluetooth.py:333]: Bluetooth: Bluetooth is on, but no paired devices connected.
2026-05-01 21:09:27,272 [INFO] [MainThread] [root/bluetooth.py:333]: Bluetooth: Bluetooth is on, but no paired devices connected.
2026-05-01 21:09:28,312 [INFO] [MainThread] [root/bluetooth.py:333]: Bluetooth: Bluetooth is on, but no paired devices connected.
2026-05-01 21:09:30,270 [INFO] [MainThread] [root/bluetooth.py:333]: Bluetooth: Bluetooth is on, but no paired devices connected.
2026-05-01 21:09:31,313 [INFO] [MainThread] [root/bluetooth.py:333]: Bluetooth: Bluetooth is on, but no paired devices connected.
2026-05-01 21:09:33,271 [INFO] [MainThread] [root/bluetooth.py:333]: Bluetooth: Bluetooth is on, but no paired devices connected.
2026-05-01 21:09:34,313 [INFO] [MainThread] [root/bluetooth.py:333]: Bluetooth: Bluetooth is on, but no paired devices connected.
2026-05-01 21:09:36,266 [INFO] [MainThread] [root/bluetooth.py:333]: Bluetooth: Bluetooth is on, but no paired devices connected.
2026-05-01 21:09:37,313 [INFO] [MainThread] [root/bluetooth.py:333]: Bluetooth: Bluetooth is on, but no paired devices connected.
2026-05-01 21:09:37,513 [DEBUG] [Thread-7] [root/watcher.py:84]: Stylesheet modified: c:\users\omarpc\.config\yasb\styles.css
2026-05-01 21:09:39,266 [INFO] [MainThread] [root/bluetooth.py:333]: Bluetooth: Bluetooth is on, but no paired devices connected.
2026-05-01 21:09:39,566 [DEBUG] [Thread-7] [root/watcher.py:84]: Stylesheet modified: c:\users\omarpc\.config\yasb\styles.css
2026-05-01 21:09:40,313 [INFO] [MainThread] [root/bluetooth.py:333]: Bluetooth: Bluetooth is on, but no paired devices connected.
2026-05-01 21:09:42,271 [INFO] [MainThread] [root/bluetooth.py:333]: Bluetooth: Bluetooth is on, but no paired devices connected.
2026-05-01 21:09:43,312 [INFO] [MainThread] [root/bluetooth.py:333]: Bluetooth: Bluetooth is on, but no paired devices connected.
2026-05-01 21:09:45,271 [INFO] [MainThread] [root/bluetooth.py:333]: Bluetooth: Bluetooth is on, but no paired devices connected.
2026-05-01 21:09:46,313 [INFO] [MainThread] [root/bluetooth.py:333]: Bluetooth: Bluetooth is on, but no paired devices connected.
2026-05-01 21:09:48,272 [INFO] [MainThread] [root/bluetooth.py:333]: Bluetooth: Bluetooth is on, but no paired devices connected.
2026-05-01 21:09:49,312 [INFO] [MainThread] [root/bluetooth.py:333]: Bluetooth: Bluetooth is on, but no paired devices connected.
2026-05-01 21:09:51,271 [INFO] [MainThread] [root/bluetooth.py:333]: Bluetooth: Bluetooth is on, but no paired devices connected.
2026-05-01 21:09:52,313 [INFO] [MainThread] [root/bluetooth.py:333]: Bluetooth: Bluetooth is on, but no paired devices connected.
2026-05-01 21:09:54,273 [INFO] [MainThread] [root/bluetooth.py:333]: Bluetooth: Bluetooth is on, but no paired devices connected.
2026-05-01 21:09:55,312 [INFO] [MainThread] [root/bluetooth.py:333]: Bluetooth: Bluetooth is on, but no paired devices connected.
2026-05-01 21:09:57,267 [INFO] [MainThread] [root/bluetooth.py:333]: Bluetooth: Bluetooth is on, but no paired devices connected.
2026-05-01 21:09:58,313 [INFO] [MainThread] [root/bluetooth.py:333]: Bluetooth: Bluetooth is on, but no paired devices connected.
2026-05-01 21:10:00,271 [INFO] [MainThread] [root/bluetooth.py:333]: Bluetooth: Bluetooth is on, but no paired devices connected.
2026-05-01 21:10:01,313 [INFO] [MainThread] [root/bluetooth.py:333]: Bluetooth: Bluetooth is on, but no paired devices connected.
2026-05-01 21:10:03,272 [INFO] [MainThread] [root/bluetooth.py:333]: Bluetooth: Bluetooth is on, but no paired devices connected.
2026-05-01 21:10:04,312 [INFO] [MainThread] [root/bluetooth.py:333]: Bluetooth: Bluetooth is on, but no paired devices connected.
2026-05-01 21:10:06,271 [INFO] [MainThread] [root/bluetooth.py:333]: Bluetooth: Bluetooth is on, but no paired devices connected.
2026-05-01 21:10:07,312 [INFO] [MainThread] [root/bluetooth.py:333]: Bluetooth: Bluetooth is on, but no paired devices connected.
2026-05-01 21:10:09,271 [INFO] [MainThread] [root/bluetooth.py:333]: Bluetooth: Bluetooth is on, but no paired devices connected.
2026-05-01 21:10:10,312 [INFO] [MainThread] [root/bluetooth.py:333]: Bluetooth: Bluetooth is on, but no paired devices connected.
2026-05-01 21:10:12,270 [INFO] [MainThread] [root/bluetooth.py:333]: Bluetooth: Bluetooth is on, but no paired devices connected.
2026-05-01 21:10:13,313 [INFO] [MainThread] [root/bluetooth.py:333]: Bluetooth: Bluetooth is on, but no paired devices connected.
2026-05-01 21:10:15,272 [INFO] [MainThread] [root/bluetooth.py:333]: Bluetooth: Bluetooth is on, but no paired devices connected.
2026-05-01 21:10:16,313 [INFO] [MainThread] [root/bluetooth.py:333]: Bluetooth: Bluetooth is on, but no paired devices connected.
2026-05-01 21:10:18,266 [INFO] [MainThread] [root/bluetooth.py:333]: Bluetooth: Bluetooth is on, but no paired devices connected.
2026-05-01 21:10:19,313 [INFO] [MainThread] [root/bluetooth.py:333]: Bluetooth: Bluetooth is on, but no paired devices connected.
2026-05-01 21:10:21,271 [INFO] [MainThread] [root/bluetooth.py:333]: Bluetooth: Bluetooth is on, but no paired devices connected.
2026-05-01 21:10:22,313 [INFO] [MainThread] [root/bluetooth.py:333]: Bluetooth: Bluetooth is on, but no paired devices connected.
2026-05-01 21:10:24,271 [INFO] [MainThread] [root/bluetooth.py:333]: Bluetooth: Bluetooth is on, but no paired devices connected.
2026-05-01 21:10:25,313 [INFO] [MainThread] [root/bluetooth.py:333]: Bluetooth: Bluetooth is on, but no paired devices connected.
2026-05-01 21:10:27,272 [INFO] [MainThread] [root/bluetooth.py:333]: Bluetooth: Bluetooth is on, but no paired devices connected.
2026-05-01 21:10:28,312 [INFO] [MainThread] [root/bluetooth.py:333]: Bluetooth: Bluetooth is on, but no paired devices connected.
2026-05-01 21:10:30,272 [INFO] [MainThread] [root/bluetooth.py:333]: Bluetooth: Bluetooth is on, but no paired devices connected.
2026-05-01 21:10:31,312 [INFO] [MainThread] [root/bluetooth.py:333]: Bluetooth: Bluetooth is on, but no paired devices connected.
2026-05-01 21:10:33,272 [INFO] [MainThread] [root/bluetooth.py:333]: Bluetooth: Bluetooth is on, but no paired devices connected.
2026-05-01 21:10:34,313 [INFO] [MainThread] [root/bluetooth.py:333]: Bluetooth: Bluetooth is on, but no paired devices connected.
2026-05-01 21:10:36,271 [INFO] [MainThread] [root/bluetooth.py:333]: Bluetooth: Bluetooth is on, but no paired devices connected.
2026-05-01 21:10:37,312 [INFO] [MainThread] [root/bluetooth.py:333]: Bluetooth: Bluetooth is on, but no paired devices connected.
2026-05-01 21:10:39,267 [INFO] [MainThread] [root/bluetooth.py:333]: Bluetooth: Bluetooth is on, but no paired devices connected.
2026-05-01 21:10:39,567 [DEBUG] [Thread-7] [root/watcher.py:84]: Stylesheet modified: c:\users\omarpc\.config\yasb\styles.css
2026-05-01 21:10:40,312 [INFO] [MainThread] [root/bluetooth.py:333]: Bluetooth: Bluetooth is on, but no paired devices connected.
2026-05-01 21:10:42,272 [INFO] [MainThread] [root/bluetooth.py:333]: Bluetooth: Bluetooth is on, but no paired devices connected.
2026-05-01 21:10:43,313 [INFO] [MainThread] [root/bluetooth.py:333]: Bluetooth: Bluetooth is on, but no paired devices connected.
2026-05-01 21:10:45,271 [INFO] [MainThread] [root/bluetooth.py:333]: Bluetooth: Bluetooth is on, but no paired devices connected.
2026-05-01 21:10:46,312 [INFO] [MainThread] [root/bluetooth.py:333]: Bluetooth: Bluetooth is on, but no paired devices connected.
2026-05-01 21:10:48,271 [INFO] [MainThread] [root/bluetooth.py:333]: Bluetooth: Bluetooth is on, but no paired devices connected.
2026-05-01 21:10:49,312 [INFO] [MainThread] [root/bluetooth.py:333]: Bluetooth: Bluetooth is on, but no paired devices connected.
2026-05-01 21:10:51,271 [INFO] [MainThread] [root/bluetooth.py:333]: Bluetooth: Bluetooth is on, but no paired devices connected.
2026-05-01 21:10:51,373 [DEBUG] [Thread-7] [root/watcher.py:84]: Stylesheet modified: c:\users\omarpc\.config\yasb\styles.css
2026-05-01 21:10:52,312 [INFO] [MainThread] [root/bluetooth.py:333]: Bluetooth: Bluetooth is on, but no paired devices connected.
2026-05-01 21:10:54,270 [INFO] [MainThread] [root/bluetooth.py:333]: Bluetooth: Bluetooth is on, but no paired devices connected.
2026-05-01 21:10:55,312 [INFO] [MainThread] [root/bluetooth.py:333]: Bluetooth: Bluetooth is on, but no paired devices connected.
2026-05-01 21:10:57,272 [INFO] [MainThread] [root/bluetooth.py:333]: Bluetooth: Bluetooth is on, but no paired devices connected.
2026-05-01 21:10:58,311 [INFO] [MainThread] [root/bluetooth.py:333]: Bluetooth: Bluetooth is on, but no paired devices connected.
2026-05-01 21:11:00,266 [INFO] [MainThread] [root/bluetooth.py:333]: Bluetooth: Bluetooth is on, but no paired devices connected.
2026-05-01 21:11:00,633 [DEBUG] [Thread-7] [root/watcher.py:84]: Stylesheet modified: c:\users\omarpc\.config\yasb\styles.css
2026-05-01 21:11:01,311 [INFO] [MainThread] [root/bluetooth.py:333]: Bluetooth: Bluetooth is on, but no paired devices connected.
2026-05-01 21:11:01,801 [DEBUG] [Thread-7] [root/watcher.py:84]: Stylesheet modified: c:\users\omarpc\.config\yasb\styles.css
2026-05-01 21:11:03,272 [INFO] [MainThread] [root/bluetooth.py:333]: Bluetooth: Bluetooth is on, but no paired devices connected.
2026-05-01 21:11:04,313 [INFO] [MainThread] [root/bluetooth.py:333]: Bluetooth: Bluetooth is on, but no paired devices connected.
2026-05-01 21:11:06,271 [INFO] [MainThread] [root/bluetooth.py:333]: Bluetooth: Bluetooth is on, but no paired devices connected.
2026-05-01 21:11:07,312 [INFO] [MainThread] [root/bluetooth.py:333]: Bluetooth: Bluetooth is on, but no paired devices connected.
2026-05-01 21:11:09,271 [INFO] [MainThread] [root/bluetooth.py:333]: Bluetooth: Bluetooth is on, but no paired devices connected.
2026-05-01 21:11:09,297 [DEBUG] [Thread-7] [root/watcher.py:84]: Stylesheet modified: c:\users\omarpc\.config\yasb\styles.css
2026-05-01 21:11:10,312 [INFO] [MainThread] [root/bluetooth.py:333]: Bluetooth: Bluetooth is on, but no paired devices connected.
2026-05-01 21:11:12,270 [INFO] [MainThread] [root/bluetooth.py:333]: Bluetooth: Bluetooth is on, but no paired devices connected.
2026-05-01 21:11:13,311 [INFO] [MainThread] [root/bluetooth.py:333]: Bluetooth: Bluetooth is on, but no paired devices connected.
2026-05-01 21:11:15,271 [INFO] [MainThread] [root/bluetooth.py:333]: Bluetooth: Bluetooth is on, but no paired devices connected.
2026-05-01 21:11:16,312 [INFO] [MainThread] [root/bluetooth.py:333]: Bluetooth: Bluetooth is on, but no paired devices connected.
2026-05-01 21:11:18,271 [INFO] [MainThread] [root/bluetooth.py:333]: Bluetooth: Bluetooth is on, but no paired devices connected.
2026-05-01 21:11:19,311 [INFO] [MainThread] [root/bluetooth.py:333]: Bluetooth: Bluetooth is on, but no paired devices connected.
2026-05-01 21:11:21,267 [INFO] [MainThread] [root/bluetooth.py:333]: Bluetooth: Bluetooth is on, but no paired devices connected.
2026-05-01 21:11:22,311 [INFO] [MainThread] [root/bluetooth.py:333]: Bluetooth: Bluetooth is on, but no paired devices connected.
2026-05-01 21:11:24,270 [INFO] [MainThread] [root/bluetooth.py:333]: Bluetooth: Bluetooth is on, but no paired devices connected.
2026-05-01 21:11:25,313 [INFO] [MainThread] [root/bluetooth.py:333]: Bluetooth: Bluetooth is on, but no paired devices connected.
2026-05-01 21:11:27,271 [INFO] [MainThread] [root/bluetooth.py:333]: Bluetooth: Bluetooth is on, but no paired devices connected.
2026-05-01 21:11:28,311 [INFO] [MainThread] [root/bluetooth.py:333]: Bluetooth: Bluetooth is on, but no paired devices connected.
2026-05-01 21:11:30,271 [INFO] [MainThread] [root/bluetooth.py:333]: Bluetooth: Bluetooth is on, but no paired devices connected.
2026-05-01 21:11:31,311 [INFO] [MainThread] [root/bluetooth.py:333]: Bluetooth: Bluetooth is on, but no paired devices connected.
2026-05-01 21:11:33,270 [INFO] [MainThread] [root/bluetooth.py:333]: Bluetooth: Bluetooth is on, but no paired devices connected.
2026-05-01 21:11:34,310 [INFO] [MainThread] [root/bluetooth.py:333]: Bluetooth: Bluetooth is on, but no paired devices connected.
2026-05-01 21:11:36,266 [INFO] [MainThread] [root/bluetooth.py:333]: Bluetooth: Bluetooth is on, but no paired devices connected.
2026-05-01 21:11:37,316 [INFO] [MainThread] [root/bluetooth.py:333]: Bluetooth: Bluetooth is on, but no paired devices connected.
2026-05-01 21:11:39,270 [INFO] [MainThread] [root/bluetooth.py:333]: Bluetooth: Bluetooth is on, but no paired devices connected.
2026-05-01 21:11:40,311 [INFO] [MainThread] [root/bluetooth.py:333]: Bluetooth: Bluetooth is on, but no paired devices connected.
2026-05-01 21:11:42,264 [INFO] [MainThread] [root/bluetooth.py:333]: Bluetooth: Bluetooth is on, but no paired devices connected.
2026-05-01 21:11:43,311 [INFO] [MainThread] [root/bluetooth.py:333]: Bluetooth: Bluetooth is on, but no paired devices connected.
2026-05-01 21:11:45,277 [INFO] [MainThread] [root/bluetooth.py:333]: Bluetooth: Bluetooth is on, but no paired devices connected.
2026-05-01 21:11:46,312 [INFO] [MainThread] [root/bluetooth.py:333]: Bluetooth: Bluetooth is on, but no paired devices connected.
2026-05-01 21:11:48,271 [INFO] [MainThread] [root/bluetooth.py:333]: Bluetooth: Bluetooth is on, but no paired devices connected.
2026-05-01 21:11:49,310 [INFO] [MainThread] [root/bluetooth.py:333]: Bluetooth: Bluetooth is on, but no paired devices connected.
2026-05-01 21:11:51,270 [INFO] [MainThread] [root/bluetooth.py:333]: Bluetooth: Bluetooth is on, but no paired devices connected.
2026-05-01 21:11:52,311 [INFO] [MainThread] [root/bluetooth.py:333]: Bluetooth: Bluetooth is on, but no paired devices connected.
2026-05-01 21:11:54,270 [INFO] [MainThread] [root/bluetooth.py:333]: Bluetooth: Bluetooth is on, but no paired devices connected.
2026-05-01 21:11:55,312 [INFO] [MainThread] [root/bluetooth.py:333]: Bluetooth: Bluetooth is on, but no paired devices connected.
2026-05-01 21:11:57,269 [INFO] [MainThread] [root/bluetooth.py:333]: Bluetooth: Bluetooth is on, but no paired devices connected.
2026-05-01 21:11:58,311 [INFO] [MainThread] [root/bluetooth.py:333]: Bluetooth: Bluetooth is on, but no paired devices connected.
2026-05-01 21:12:00,271 [INFO] [MainThread] [root/bluetooth.py:333]: Bluetooth: Bluetooth is on, but no paired devices connected.
2026-05-01 21:12:01,289 [DEBUG] [Thread-7] [root/watcher.py:84]: Stylesheet modified: c:\users\omarpc\.config\yasb\styles.css
2026-05-01 21:12:01,383 [INFO] [MainThread] [root/bluetooth.py:333]: Bluetooth: Bluetooth is on, but no paired devices connected.
2026-05-01 21:12:03,264 [INFO] [MainThread] [root/bluetooth.py:333]: Bluetooth: Bluetooth is on, but no paired devices connected.
2026-05-01 21:12:04,311 [INFO] [MainThread] [root/bluetooth.py:333]: Bluetooth: Bluetooth is on, but no paired devices connected.
2026-05-01 21:12:06,271 [INFO] [MainThread] [root/bluetooth.py:333]: Bluetooth: Bluetooth is on, but no paired devices connected.
2026-05-01 21:12:07,312 [INFO] [MainThread] [root/bluetooth.py:333]: Bluetooth: Bluetooth is on, but no paired devices connected.
2026-05-01 21:12:07,882 [DEBUG] [Thread-7] [root/watcher.py:84]: Stylesheet modified: c:\users\omarpc\.config\yasb\styles.css
2026-05-01 21:12:09,271 [INFO] [MainThread] [root/bluetooth.py:333]: Bluetooth: Bluetooth is on, but no paired devices connected.
2026-05-01 21:12:10,311 [INFO] [MainThread] [root/bluetooth.py:333]: Bluetooth: Bluetooth is on, but no paired devices connected.
2026-05-01 21:12:12,270 [INFO] [MainThread] [root/bluetooth.py:333]: Bluetooth: Bluetooth is on, but no paired devices connected.
2026-05-01 21:12:13,312 [INFO] [MainThread] [root/bluetooth.py:333]: Bluetooth: Bluetooth is on, but no paired devices connected.
2026-05-01 21:12:15,270 [INFO] [MainThread] [root/bluetooth.py:333]: Bluetooth: Bluetooth is on, but no paired devices connected.
2026-05-01 21:12:16,311 [INFO] [MainThread] [root/bluetooth.py:333]: Bluetooth: Bluetooth is on, but no paired devices connected.
2026-05-01 21:12:18,265 [INFO] [MainThread] [root/bluetooth.py:333]: Bluetooth: Bluetooth is on, but no paired devices connected.
2026-05-01 21:12:19,311 [INFO] [MainThread] [root/bluetooth.py:333]: Bluetooth: Bluetooth is on, but no paired devices connected.
2026-05-01 21:12:21,270 [INFO] [MainThread] [root/bluetooth.py:333]: Bluetooth: Bluetooth is on, but no paired devices connected.
2026-05-01 21:12:22,312 [INFO] [MainThread] [root/bluetooth.py:333]: Bluetooth: Bluetooth is on, but no paired devices connected.
2026-05-01 21:12:24,265 [INFO] [MainThread] [root/bluetooth.py:333]: Bluetooth: Bluetooth is on, but no paired devices connected.
2026-05-01 21:12:25,311 [INFO] [MainThread] [root/bluetooth.py:333]: Bluetooth: Bluetooth is on, but no paired devices connected.
2026-05-01 21:12:27,270 [INFO] [MainThread] [root/bluetooth.py:333]: Bluetooth: Bluetooth is on, but no paired devices connected.
2026-05-01 21:12:28,311 [INFO] [MainThread] [root/bluetooth.py:333]: Bluetooth: Bluetooth is on, but no paired devices connected.
2026-05-01 21:12:30,271 [INFO] [MainThread] [root/bluetooth.py:333]: Bluetooth: Bluetooth is on, but no paired devices connected.
2026-05-01 21:12:31,311 [INFO] [MainThread] [root/bluetooth.py:333]: Bluetooth: Bluetooth is on, but no paired devices connected.
2026-05-01 21:12:33,270 [INFO] [MainThread] [root/bluetooth.py:333]: Bluetooth: Bluetooth is on, but no paired devices connected.
2026-05-01 21:12:34,312 [INFO] [MainThread] [root/bluetooth.py:333]: Bluetooth: Bluetooth is on, but no paired devices connected.
2026-05-01 21:12:36,271 [INFO] [MainThread] [root/bluetooth.py:333]: Bluetooth: Bluetooth is on, but no paired devices connected.
2026-05-01 21:12:37,311 [INFO] [MainThread] [root/bluetooth.py:333]: Bluetooth: Bluetooth is on, but no paired devices connected.
2026-05-01 21:12:39,271 [INFO] [MainThread] [root/bluetooth.py:333]: Bluetooth: Bluetooth is on, but no paired devices connected.
2026-05-01 21:12:40,310 [INFO] [MainThread] [root/bluetooth.py:333]: Bluetooth: Bluetooth is on, but no paired devices connected.
2026-05-01 21:12:42,270 [INFO] [MainThread] [root/bluetooth.py:333]: Bluetooth: Bluetooth is on, but no paired devices connected.
2026-05-01 21:12:43,311 [INFO] [MainThread] [root/bluetooth.py:333]: Bluetooth: Bluetooth is on, but no paired devices connected.
2026-05-01 21:12:45,264 [INFO] [MainThread] [root/bluetooth.py:333]: Bluetooth: Bluetooth is on, but no paired devices connected.
2026-05-01 21:12:46,248 [DEBUG] [Thread-7] [root/watcher.py:84]: Stylesheet modified: c:\users\omarpc\.config\yasb\styles.css
2026-05-01 21:12:46,343 [INFO] [MainThread] [root/bluetooth.py:333]: Bluetooth: Bluetooth is on, but no paired devices connected.
2026-05-01 21:12:48,270 [INFO] [MainThread] [root/bluetooth.py:333]: Bluetooth: Bluetooth is on, but no paired devices connected.
2026-05-01 21:12:49,312 [INFO] [MainThread] [root/bluetooth.py:333]: Bluetooth: Bluetooth is on, but no paired devices connected.
2026-05-01 21:12:50,552 [DEBUG] [Thread-7] [root/watcher.py:84]: Stylesheet modified: c:\users\omarpc\.config\yasb\styles.css
2026-05-01 21:12:51,271 [INFO] [MainThread] [root/bluetooth.py:333]: Bluetooth: Bluetooth is on, but no paired devices connected.
2026-05-01 21:12:52,311 [INFO] [MainThread] [root/bluetooth.py:333]: Bluetooth: Bluetooth is on, but no paired devices connected.
2026-05-01 21:12:54,270 [INFO] [MainThread] [root/bluetooth.py:333]: Bluetooth: Bluetooth is on, but no paired devices connected.
2026-05-01 21:12:55,311 [INFO] [MainThread] [root/bluetooth.py:333]: Bluetooth: Bluetooth is on, but no paired devices connected.
2026-05-01 21:12:57,269 [INFO] [MainThread] [root/bluetooth.py:333]: Bluetooth: Bluetooth is on, but no paired devices connected.
2026-05-01 21:12:58,311 [INFO] [MainThread] [root/bluetooth.py:333]: Bluetooth: Bluetooth is on, but no paired devices connected.
2026-05-01 21:13:00,269 [INFO] [MainThread] [root/bluetooth.py:333]: Bluetooth: Bluetooth is on, but no paired devices connected.
2026-05-01 21:13:01,316 [INFO] [MainThread] [root/bluetooth.py:333]: Bluetooth: Bluetooth is on, but no paired devices connected.
2026-05-01 21:13:03,270 [INFO] [MainThread] [root/bluetooth.py:333]: Bluetooth: Bluetooth is on, but no paired devices connected.
2026-05-01 21:13:03,865 [DEBUG] [Thread-7] [root/watcher.py:84]: Stylesheet modified: c:\users\omarpc\.config\yasb\styles.css
2026-05-01 21:13:04,311 [INFO] [MainThread] [root/bluetooth.py:333]: Bluetooth: Bluetooth is on, but no paired devices connected.
2026-05-01 21:13:06,266 [INFO] [MainThread] [root/bluetooth.py:333]: Bluetooth: Bluetooth is on, but no paired devices connected.
2026-05-01 21:13:06,672 [DEBUG] [Thread-7] [root/watcher.py:84]: Stylesheet modified: c:\users\omarpc\.config\yasb\styles.css
2026-05-01 21:13:07,316 [INFO] [MainThread] [root/bluetooth.py:333]: Bluetooth: Bluetooth is on, but no paired devices connected.
2026-05-01 21:13:09,270 [INFO] [MainThread] [root/bluetooth.py:333]: Bluetooth: Bluetooth is on, but no paired devices connected.
2026-05-01 21:13:10,312 [INFO] [MainThread] [root/bluetooth.py:333]: Bluetooth: Bluetooth is on, but no paired devices connected.
2026-05-01 21:13:12,270 [INFO] [MainThread] [root/bluetooth.py:333]: Bluetooth: Bluetooth is on, but no paired devices connected.
2026-05-01 21:13:12,889 [DEBUG] [Thread-7] [root/watcher.py:84]: Stylesheet modified: c:\users\omarpc\.config\yasb\styles.css
2026-05-01 21:13:13,311 [INFO] [MainThread] [root/bluetooth.py:333]: Bluetooth: Bluetooth is on, but no paired devices connected.
2026-05-01 21:13:15,269 [INFO] [MainThread] [root/bluetooth.py:333]: Bluetooth: Bluetooth is on, but no paired devices connected.
2026-05-01 21:13:16,311 [INFO] [MainThread] [root/bluetooth.py:333]: Bluetooth: Bluetooth is on, but no paired devices connected.
2026-05-01 21:13:17,396 [DEBUG] [Thread-7] [root/watcher.py:84]: Stylesheet modified: c:\users\omarpc\.config\yasb\styles.css
2026-05-01 21:13:18,269 [INFO] [MainThread] [root/bluetooth.py:333]: Bluetooth: Bluetooth is on, but no paired devices connected.
2026-05-01 21:13:19,316 [INFO] [MainThread] [root/bluetooth.py:333]: Bluetooth: Bluetooth is on, but no paired devices connected.
2026-05-01 21:13:21,268 [INFO] [MainThread] [root/bluetooth.py:333]: Bluetooth: Bluetooth is on, but no paired devices connected.
2026-05-01 21:13:21,951 [DEBUG] [Thread-7] [root/watcher.py:84]: Stylesheet modified: c:\users\omarpc\.config\yasb\styles.css
2026-05-01 21:13:22,318 [INFO] [MainThread] [root/bluetooth.py:333]: Bluetooth: Bluetooth is on, but no paired devices connected.
2026-05-01 21:13:24,269 [INFO] [MainThread] [root/bluetooth.py:333]: Bluetooth: Bluetooth is on, but no paired devices connected.
2026-05-01 21:13:25,318 [INFO] [MainThread] [root/bluetooth.py:333]: Bluetooth: Bluetooth is on, but no paired devices connected.
2026-05-01 21:13:27,265 [INFO] [MainThread] [root/bluetooth.py:333]: Bluetooth: Bluetooth is on, but no paired devices connected.
2026-05-01 21:13:28,311 [INFO] [MainThread] [root/bluetooth.py:333]: Bluetooth: Bluetooth is on, but no paired devices connected.
2026-05-01 21:13:30,270 [INFO] [MainThread] [root/bluetooth.py:333]: Bluetooth: Bluetooth is on, but no paired devices connected.
2026-05-01 21:13:31,311 [INFO] [MainThread] [root/bluetooth.py:333]: Bluetooth: Bluetooth is on, but no paired devices connected.
2026-05-01 21:13:33,270 [INFO] [MainThread] [root/bluetooth.py:333]: Bluetooth: Bluetooth is on, but no paired devices connected.
2026-05-01 21:13:33,784 [DEBUG] [Thread-7] [root/watcher.py:84]: Stylesheet modified: c:\users\omarpc\.config\yasb\styles.css
2026-05-01 21:13:34,317 [INFO] [MainThread] [root/bluetooth.py:333]: Bluetooth: Bluetooth is on, but no paired devices connected.
2026-05-01 21:13:36,098 [DEBUG] [Thread-7] [root/watcher.py:84]: Stylesheet modified: c:\users\omarpc\.config\yasb\styles.css
2026-05-01 21:13:36,269 [INFO] [MainThread] [root/bluetooth.py:333]: Bluetooth: Bluetooth is on, but no paired devices connected.
2026-05-01 21:13:37,311 [INFO] [MainThread] [root/bluetooth.py:333]: Bluetooth: Bluetooth is on, but no paired devices connected.
2026-05-01 21:13:37,874 [DEBUG] [Thread-7] [root/watcher.py:84]: Stylesheet modified: c:\users\omarpc\.config\yasb\styles.css
2026-05-01 21:13:39,271 [INFO] [MainThread] [root/bluetooth.py:333]: Bluetooth: Bluetooth is on, but no paired devices connected.
2026-05-01 21:13:40,312 [INFO] [MainThread] [root/bluetooth.py:333]: Bluetooth: Bluetooth is on, but no paired devices connected.
2026-05-01 21:13:42,270 [INFO] [MainThread] [root/bluetooth.py:333]: Bluetooth: Bluetooth is on, but no paired devices connected.
2026-05-01 21:13:43,311 [INFO] [MainThread] [root/bluetooth.py:333]: Bluetooth: Bluetooth is on, but no paired devices connected.
2026-05-01 21:13:45,270 [INFO] [MainThread] [root/bluetooth.py:333]: Bluetooth: Bluetooth is on, but no paired devices connected.
2026-05-01 21:13:46,311 [INFO] [MainThread] [root/bluetooth.py:333]: Bluetooth: Bluetooth is on, but no paired devices connected.
2026-05-01 21:13:48,263 [INFO] [MainThread] [root/bluetooth.py:333]: Bluetooth: Bluetooth is on, but no paired devices connected.
2026-05-01 21:13:49,310 [INFO] [MainThread] [root/bluetooth.py:333]: Bluetooth: Bluetooth is on, but no paired devices connected.
2026-05-01 21:13:51,270 [INFO] [MainThread] [root/bluetooth.py:333]: Bluetooth: Bluetooth is on, but no paired devices connected.
2026-05-01 21:13:52,311 [INFO] [MainThread] [root/bluetooth.py:333]: Bluetooth: Bluetooth is on, but no paired devices connected.
2026-05-01 21:13:54,269 [INFO] [MainThread] [root/bluetooth.py:333]: Bluetooth: Bluetooth is on, but no paired devices connected.
2026-05-01 21:13:55,310 [INFO] [MainThread] [root/bluetooth.py:333]: Bluetooth: Bluetooth is on, but no paired devices connected.
2026-05-01 21:13:57,269 [INFO] [MainThread] [root/bluetooth.py:333]: Bluetooth: Bluetooth is on, but no paired devices connected.
2026-05-01 21:13:58,318 [INFO] [MainThread] [root/bluetooth.py:333]: Bluetooth: Bluetooth is on, but no paired devices connected.
2026-05-01 21:14:00,270 [INFO] [MainThread] [root/bluetooth.py:333]: Bluetooth: Bluetooth is on, but no paired devices connected.
2026-05-01 21:14:01,310 [INFO] [MainThread] [root/bluetooth.py:333]: Bluetooth: Bluetooth is on, but no paired devices connected.
2026-05-01 21:14:03,269 [INFO] [MainThread] [root/bluetooth.py:333]: Bluetooth: Bluetooth is on, but no paired devices connected.
2026-05-01 21:14:04,311 [INFO] [MainThread] [root/bluetooth.py:333]: Bluetooth: Bluetooth is on, but no paired devices connected.
2026-05-01 21:14:06,269 [INFO] [MainThread] [root/bluetooth.py:333]: Bluetooth: Bluetooth is on, but no paired devices connected.
2026-05-01 21:14:07,311 [INFO] [MainThread] [root/bluetooth.py:333]: Bluetooth: Bluetooth is on, but no paired devices connected.
2026-05-01 21:14:09,264 [INFO] [MainThread] [root/bluetooth.py:333]: Bluetooth: Bluetooth is on, but no paired devices connected.
2026-05-01 21:14:10,309 [INFO] [MainThread] [root/bluetooth.py:333]: Bluetooth: Bluetooth is on, but no paired devices connected.
2026-05-01 21:14:12,269 [INFO] [MainThread] [root/bluetooth.py:333]: Bluetooth: Bluetooth is on, but no paired devices connected.
2026-05-01 21:14:13,311 [INFO] [MainThread] [root/bluetooth.py:333]: Bluetooth: Bluetooth is on, but no paired devices connected.
2026-05-01 21:14:15,267 [INFO] [MainThread] [root/bluetooth.py:333]: Bluetooth: Bluetooth is on, but no paired devices connected.
2026-05-01 21:14:16,311 [INFO] [MainThread] [root/bluetooth.py:333]: Bluetooth: Bluetooth is on, but no paired devices connected.
2026-05-01 21:14:18,269 [INFO] [MainThread] [root/bluetooth.py:333]: Bluetooth: Bluetooth is on, but no paired devices connected.
2026-05-01 21:14:19,310 [INFO] [MainThread] [root/bluetooth.py:333]: Bluetooth: Bluetooth is on, but no paired devices connected.
2026-05-01 21:14:21,270 [INFO] [MainThread] [root/bluetooth.py:333]: Bluetooth: Bluetooth is on, but no paired devices connected.
2026-05-01 21:14:22,310 [INFO] [MainThread] [root/bluetooth.py:333]: Bluetooth: Bluetooth is on, but no paired devices connected.
2026-05-01 21:14:24,270 [INFO] [MainThread] [root/bluetooth.py:333]: Bluetooth: Bluetooth is on, but no paired devices connected.
2026-05-01 21:14:25,310 [INFO] [MainThread] [root/bluetooth.py:333]: Bluetooth: Bluetooth is on, but no paired devices connected.
2026-05-01 21:14:27,269 [INFO] [MainThread] [root/bluetooth.py:333]: Bluetooth: Bluetooth is on, but no paired devices connected.
2026-05-01 21:14:28,311 [INFO] [MainThread] [root/bluetooth.py:333]: Bluetooth: Bluetooth is on, but no paired devices connected.
2026-05-01 21:14:30,263 [INFO] [MainThread] [root/bluetooth.py:333]: Bluetooth: Bluetooth is on, but no paired devices connected.
2026-05-01 21:14:31,310 [INFO] [MainThread] [root/bluetooth.py:333]: Bluetooth: Bluetooth is on, but no paired devices connected.
2026-05-01 21:14:33,269 [INFO] [MainThread] [root/bluetooth.py:333]: Bluetooth: Bluetooth is on, but no paired devices connected.
2026-05-01 21:14:34,311 [INFO] [MainThread] [root/bluetooth.py:333]: Bluetooth: Bluetooth is on, but no paired devices connected.
2026-05-01 21:14:36,269 [INFO] [MainThread] [root/bluetooth.py:333]: Bluetooth: Bluetooth is on, but no paired devices connected.
2026-05-01 21:14:37,310 [INFO] [MainThread] [root/bluetooth.py:333]: Bluetooth: Bluetooth is on, but no paired devices connected.
2026-05-01 21:14:38,601 [DEBUG] [Thread-7] [root/watcher.py:84]: Stylesheet modified: c:\users\omarpc\.config\yasb\styles.css
2026-05-01 21:14:39,269 [INFO] [MainThread] [root/bluetooth.py:333]: Bluetooth: Bluetooth is on, but no paired devices connected.
2026-05-01 21:14:40,310 [INFO] [MainThread] [root/bluetooth.py:333]: Bluetooth: Bluetooth is on, but no paired devices connected.
2026-05-01 21:14:42,269 [INFO] [MainThread] [root/bluetooth.py:333]: Bluetooth: Bluetooth is on, but no paired devices connected.
2026-05-01 21:14:43,310 [INFO] [MainThread] [root/bluetooth.py:333]: Bluetooth: Bluetooth is on, but no paired devices connected.
2026-05-01 21:14:44,086 [DEBUG] [Thread-7] [root/watcher.py:84]: Stylesheet modified: c:\users\omarpc\.config\yasb\styles.css
2026-05-01 21:14:45,269 [INFO] [MainThread] [root/bluetooth.py:333]: Bluetooth: Bluetooth is on, but no paired devices connected.
2026-05-01 21:14:46,239 [DEBUG] [Thread-7] [root/watcher.py:84]: Stylesheet modified: c:\users\omarpc\.config\yasb\styles.css
2026-05-01 21:14:46,333 [INFO] [MainThread] [root/bluetooth.py:333]: Bluetooth: Bluetooth is on, but no paired devices connected.
2026-05-01 21:14:48,269 [INFO] [MainThread] [root/bluetooth.py:333]: Bluetooth: Bluetooth is on, but no paired devices connected.
2026-05-01 21:14:49,309 [INFO] [MainThread] [root/bluetooth.py:333]: Bluetooth: Bluetooth is on, but no paired devices connected.
2026-05-01 21:14:51,263 [INFO] [MainThread] [root/bluetooth.py:333]: Bluetooth: Bluetooth is on, but no paired devices connected.
2026-05-01 21:14:51,290 [DEBUG] [Thread-7] [root/watcher.py:84]: Stylesheet modified: c:\users\omarpc\.config\yasb\styles.css
2026-05-01 21:14:52,309 [INFO] [MainThread] [root/bluetooth.py:333]: Bluetooth: Bluetooth is on, but no paired devices connected.
2026-05-01 21:14:54,269 [INFO] [MainThread] [root/bluetooth.py:333]: Bluetooth: Bluetooth is on, but no paired devices connected.
2026-05-01 21:14:55,310 [INFO] [MainThread] [root/bluetooth.py:333]: Bluetooth: Bluetooth is on, but no paired devices connected.
2026-05-01 21:14:57,269 [INFO] [MainThread] [root/bluetooth.py:333]: Bluetooth: Bluetooth is on, but no paired devices connected.
2026-05-01 21:14:58,310 [INFO] [MainThread] [root/bluetooth.py:333]: Bluetooth: Bluetooth is on, but no paired devices connected.
2026-05-01 21:15:00,269 [INFO] [MainThread] [root/bluetooth.py:333]: Bluetooth: Bluetooth is on, but no paired devices connected.
2026-05-01 21:15:01,309 [INFO] [MainThread] [root/bluetooth.py:333]: Bluetooth: Bluetooth is on, but no paired devices connected.
2026-05-01 21:15:03,268 [INFO] [MainThread] [root/bluetooth.py:333]: Bluetooth: Bluetooth is on, but no paired devices connected.
2026-05-01 21:15:04,310 [INFO] [MainThread] [root/bluetooth.py:333]: Bluetooth: Bluetooth is on, but no paired devices connected.
2026-05-01 21:15:06,269 [INFO] [MainThread] [root/bluetooth.py:333]: Bluetooth: Bluetooth is on, but no paired devices connected.
2026-05-01 21:15:07,311 [INFO] [MainThread] [root/bluetooth.py:333]: Bluetooth: Bluetooth is on, but no paired devices connected.
2026-05-01 21:15:08,104 [DEBUG] [Thread-7] [root/watcher.py:84]: Stylesheet modified: c:\users\omarpc\.config\yasb\styles.css
2026-05-01 21:15:09,270 [INFO] [MainThread] [root/bluetooth.py:333]: Bluetooth: Bluetooth is on, but no paired devices connected.
2026-05-01 21:15:10,310 [INFO] [MainThread] [root/bluetooth.py:333]: Bluetooth: Bluetooth is on, but no paired devices connected.
2026-05-01 21:15:12,269 [INFO] [MainThread] [root/bluetooth.py:333]: Bluetooth: Bluetooth is on, but no paired devices connected.
2026-05-01 21:15:13,310 [INFO] [MainThread] [root/bluetooth.py:333]: Bluetooth: Bluetooth is on, but no paired devices connected.
2026-05-01 21:15:15,269 [INFO] [MainThread] [root/bluetooth.py:333]: Bluetooth: Bluetooth is on, but no paired devices connected.
2026-05-01 21:15:16,311 [INFO] [MainThread] [root/bluetooth.py:333]: Bluetooth: Bluetooth is on, but no paired devices connected.
2026-05-01 21:15:18,268 [INFO] [MainThread] [root/bluetooth.py:333]: Bluetooth: Bluetooth is on, but no paired devices connected.
2026-05-01 21:15:19,310 [INFO] [MainThread] [root/bluetooth.py:333]: Bluetooth: Bluetooth is on, but no paired devices connected.
2026-05-01 21:15:21,269 [INFO] [MainThread] [root/bluetooth.py:333]: Bluetooth: Bluetooth is on, but no paired devices connected.
2026-05-01 21:15:22,310 [INFO] [MainThread] [root/bluetooth.py:333]: Bluetooth: Bluetooth is on, but no paired devices connected.
2026-05-01 21:15:24,269 [INFO] [MainThread] [root/bluetooth.py:333]: Bluetooth: Bluetooth is on, but no paired devices connected.
2026-05-01 21:15:24,278 [DEBUG] [Thread-7] [root/watcher.py:84]: Stylesheet modified: c:\users\omarpc\.config\yasb\styles.css
2026-05-01 21:15:25,309 [INFO] [MainThread] [root/bluetooth.py:333]: Bluetooth: Bluetooth is on, but no paired devices connected.
2026-05-01 21:15:27,269 [INFO] [MainThread] [root/bluetooth.py:333]: Bluetooth: Bluetooth is on, but no paired devices connected.
2026-05-01 21:15:27,550 [DEBUG] [Thread-7] [root/watcher.py:84]: Stylesheet modified: c:\users\omarpc\.config\yasb\styles.css
2026-05-01 21:15:28,310 [INFO] [MainThread] [root/bluetooth.py:333]: Bluetooth: Bluetooth is on, but no paired devices connected.
2026-05-01 21:15:30,269 [INFO] [MainThread] [root/bluetooth.py:333]: Bluetooth: Bluetooth is on, but no paired devices connected.
2026-05-01 21:15:31,310 [INFO] [MainThread] [root/bluetooth.py:333]: Bluetooth: Bluetooth is on, but no paired devices connected.
2026-05-01 21:15:33,262 [INFO] [MainThread] [root/bluetooth.py:333]: Bluetooth: Bluetooth is on, but no paired devices connected.
2026-05-01 21:15:34,309 [INFO] [MainThread] [root/bluetooth.py:333]: Bluetooth: Bluetooth is on, but no paired devices connected.
2026-05-01 21:15:36,268 [INFO] [MainThread] [root/bluetooth.py:333]: Bluetooth: Bluetooth is on, but no paired devices connected.
2026-05-01 21:15:36,587 [DEBUG] [Thread-7] [root/watcher.py:84]: Stylesheet modified: c:\users\omarpc\.config\yasb\styles.css
2026-05-01 21:15:37,310 [INFO] [MainThread] [root/bluetooth.py:333]: Bluetooth: Bluetooth is on, but no paired devices connected.
2026-05-01 21:15:39,268 [INFO] [MainThread] [root/bluetooth.py:333]: Bluetooth: Bluetooth is on, but no paired devices connected.
2026-05-01 21:15:39,564 [DEBUG] [Thread-7] [root/watcher.py:84]: Stylesheet modified: c:\users\omarpc\.config\yasb\styles.css
2026-05-01 21:15:40,310 [INFO] [MainThread] [root/bluetooth.py:333]: Bluetooth: Bluetooth is on, but no paired devices connected.
2026-05-01 21:15:42,269 [INFO] [MainThread] [root/bluetooth.py:333]: Bluetooth: Bluetooth is on, but no paired devices connected.
2026-05-01 21:15:43,310 [INFO] [MainThread] [root/bluetooth.py:333]: Bluetooth: Bluetooth is on, but no paired devices connected.
2026-05-01 21:15:45,268 [INFO] [MainThread] [root/bluetooth.py:333]: Bluetooth: Bluetooth is on, but no paired devices connected.
2026-05-01 21:15:46,309 [INFO] [MainThread] [root/bluetooth.py:333]: Bluetooth: Bluetooth is on, but no paired devices connected.
2026-05-01 21:15:48,269 [INFO] [MainThread] [root/bluetooth.py:333]: Bluetooth: Bluetooth is on, but no paired devices connected.
2026-05-01 21:15:49,310 [INFO] [MainThread] [root/bluetooth.py:333]: Bluetooth: Bluetooth is on, but no paired devices connected.
2026-05-01 21:15:51,267 [INFO] [MainThread] [root/bluetooth.py:333]: Bluetooth: Bluetooth is on, but no paired devices connected.
2026-05-01 21:15:52,309 [INFO] [MainThread] [root/bluetooth.py:333]: Bluetooth: Bluetooth is on, but no paired devices connected.
2026-05-01 21:15:54,262 [INFO] [MainThread] [root/bluetooth.py:333]: Bluetooth: Bluetooth is on, but no paired devices connected.
2026-05-01 21:15:55,308 [INFO] [MainThread] [root/bluetooth.py:333]: Bluetooth: Bluetooth is on, but no paired devices connected.
2026-05-01 21:15:57,268 [INFO] [MainThread] [root/bluetooth.py:333]: Bluetooth: Bluetooth is on, but no paired devices connected.
2026-05-01 21:15:58,310 [INFO] [MainThread] [root/bluetooth.py:333]: Bluetooth: Bluetooth is on, but no paired devices connected.
2026-05-01 21:16:00,268 [INFO] [MainThread] [root/bluetooth.py:333]: Bluetooth: Bluetooth is on, but no paired devices connected.
2026-05-01 21:16:01,309 [INFO] [MainThread] [root/bluetooth.py:333]: Bluetooth: Bluetooth is on, but no paired devices connected.
2026-05-01 21:16:03,268 [INFO] [MainThread] [root/bluetooth.py:333]: Bluetooth: Bluetooth is on, but no paired devices connected.
2026-05-01 21:16:04,309 [INFO] [MainThread] [root/bluetooth.py:333]: Bluetooth: Bluetooth is on, but no paired devices connected.
2026-05-01 21:16:04,550 [DEBUG] [Thread-7] [root/watcher.py:90]: Config file modified: c:\users\omarpc\.config\yasb\config.yaml
2026-05-01 21:16:04,613 [INFO] [MainThread] [root/controller.py:21]: Reloading Application because of config change.
2026-05-01 21:16:04,714 [INFO] [MainThread] [cli_server/cli_server.py:114]: Log pipe server stopped
2026-05-01 21:16:04,714 [DEBUG] [MainThread] [cli_server/cli_server.py:209]: CLI server stopped
2026-05-01 21:16:04,728 [INFO] [MainThread] [root/bar_manager.py:85]: Successfully loaded updated config and re-initialised all bars.
2026-05-01 21:16:05,169 [INFO] [MainThread] [root/bar_manager.py:103]: Stopping HotkeyListener...
2026-05-01 21:16:05,174 [INFO] [MainThread] [core.utils.widgets.taskbar.window_manager/window_manager.py:219]: TaskbarWindowManager stopped
2026-05-01 21:16:05,183 [DEBUG] [MainThread] [systray_widget/systray.py:596]: Saving state to C:\Users\OmarPc\AppData\Local\YASB\systray_state_XILINXINCMIMONITOR5745710086191.json
2026-05-01 21:16:05,189 [DEBUG] [MainThread] [systray_widget/utils.py:154]: Destroying window 920446
2026-05-01 21:16:05,189 [DEBUG] [SystrayMonitor] [systray_widget/systray_monitor.py:125]: WM_CLOSE received, destroying window 920446
2026-05-01 21:16:05,190 [DEBUG] [SystrayMonitor] [systray_widget/systray_monitor.py:129]: WM_DESTROY received for window 920446
2026-05-01 21:16:05,194 [DEBUG] [MainThread] [systray_widget/systray.py:596]: Saving state to C:\Users\OmarPc\AppData\Local\YASB\systray_state_EKLTDSAMSUNG.json
2026-05-01 21:16:05,615 [INFO] [MainThread] [root/log.py:99]: YASB v1.9.1
2026-05-01 21:16:05,616 [INFO] [CLIPipeServer] [cli_server/cli_server.py:215]: CLI server started v1.1.6
2026-05-01 21:16:05,616 [INFO] [MainThread] [cli_server/cli_server.py:106]: Log pipe server started
2026-05-01 21:16:05,713 [INFO] [MainThread] [root/main.pyw:119]: Debug mode enabled.
2026-05-01 21:16:06,808 [DEBUG] [MainThread] [root/notes.py:650]: Loading notes from C:\Users\OmarPc\.config\yasb\notes.json
2026-05-01 21:16:06,811 [INFO] [MainThread] [root/api.py:60]: GitHubDataManager started...
2026-05-01 21:16:07,021 [INFO] [MainThread] [root/service.py:41]: AudioInputService starting...
2026-05-01 21:16:07,287 [DEBUG] [MainThread] [root/VoicemeeterInterface.py:31]: _start_vm_direct_if_not_started(): was called!  id(vm_direct_global)  = 140720285403968
2026-05-01 21:16:07,288 [DEBUG] [MainThread] [voicemeeterlib.factory.FactoryBuilder/factory.py:57]: Finished building strips for Voicemeeter Banana
2026-05-01 21:16:07,290 [DEBUG] [MainThread] [voicemeeterlib.factory.FactoryBuilder/factory.py:57]: Finished building buses for Voicemeeter Banana
2026-05-01 21:16:07,290 [DEBUG] [MainThread] [voicemeeterlib.factory.FactoryBuilder/factory.py:57]: Finished building commands for Voicemeeter Banana
2026-05-01 21:16:07,290 [DEBUG] [MainThread] [voicemeeterlib.factory.FactoryBuilder/factory.py:57]: Finished building macrobuttons for Voicemeeter Banana
2026-05-01 21:16:07,290 [DEBUG] [MainThread] [voicemeeterlib.factory.FactoryBuilder/factory.py:57]: Finished building vban in/out streams for Voicemeeter Banana
2026-05-01 21:16:07,290 [DEBUG] [MainThread] [voicemeeterlib.factory.FactoryBuilder/factory.py:57]: Finished building device for Voicemeeter Banana
2026-05-01 21:16:07,290 [DEBUG] [MainThread] [voicemeeterlib.factory.FactoryBuilder/factory.py:57]: Finished building option for Voicemeeter Banana
2026-05-01 21:16:07,290 [DEBUG] [MainThread] [voicemeeterlib.factory.FactoryBuilder/factory.py:57]: Finished building recorder for Voicemeeter Banana
2026-05-01 21:16:07,291 [DEBUG] [MainThread] [voicemeeterlib.factory.FactoryBuilder/factory.py:57]: Finished building patch for Voicemeeter Banana
2026-05-01 21:16:07,618 [INFO] [MainThread] [voicemeeterlib.remote.RemoteBanana/util.py:24]: RemoteBanana: Successfully logged into Voicemeeter Banana version 2.1.2.2
2026-05-01 21:16:07,618 [DEBUG] [MainThread] [voicemeeterlib.remote.RemoteBanana/util.py:27]: login time: 0.1
2026-05-01 21:16:07,620 [INFO] [MainThread] [root/VoicemeeterInterface.py:37]: _start_vm_direct_if_not_started(): STARTED!
2026-05-01 21:16:07,638 [INFO] [MainThread] [root/service.py:52]: AudioOutputService starting...
2026-05-01 21:16:07,672 [INFO] [Thread-6 (fetch)] [root/service.py:38]: fetch(): initing audio with voicemeeterInterface!
2026-05-01 21:16:07,733 [INFO] [MainThread] [root/app_bar.py:140]: Bar primary-bar Created on Screen: Mi Monitor [Bar Height: 38px, DPI Scale: 1.0]
2026-05-01 21:16:07,996 [DEBUG] [MainThread] [glazewm_client/client.py:124]: Connecting to ws://localhost:6123
2026-05-01 21:16:07,996 [DEBUG] [MainThread] [glazewm_client/client.py:137]: WebSocket state changed: SocketState.ConnectingState
2026-05-01 21:16:07,998 [DEBUG] [MainThread] [root/pin_manager.py:163]: Loaded 1 pinned apps from C:\Users\OmarPc\AppData\Local\YASB\taskbar_pinned.json
2026-05-01 21:16:08,050 [INFO] [MainThread] [core.utils.widgets.taskbar.window_manager/window_manager.py:192]: TaskbarWindowManager is starting...
2026-05-01 21:16:08,060 [DEBUG] [MainThread] [root/notes.py:650]: Loading notes from C:\Users\OmarPc\.config\yasb\notes.json
2026-05-01 21:16:08,099 [INFO] [MainThread] [root/app_bar.py:140]: Bar bar-2 Created on Screen: SAMSUNG [Bar Height: 34px, DPI Scale: 1.0]
2026-05-01 21:16:08,389 [DEBUG] [MainThread] [glazewm_client/client.py:124]: Connecting to ws://localhost:6123
2026-05-01 21:16:08,389 [DEBUG] [MainThread] [glazewm_client/client.py:137]: WebSocket state changed: SocketState.ConnectingState
2026-05-01 21:16:08,417 [INFO] [MainThread] [root/bar_manager.py:219]: Starting HotkeyListener...
2026-05-01 21:16:08,420 [INFO] [MainThread] [root/watcher.py:65]: Watching directory: c:\users\omarpc\.config\yasb
2026-05-01 21:16:08,420 [INFO] [MainThread] [root/watcher.py:104]: Created file watcher
2026-05-01 21:16:08,420 [DEBUG] [Dummy-9] [root/hotkeys.py:200]: Registered hotkey alt+space
2026-05-01 21:16:08,580 [DEBUG] [MainThread] [systray_widget/systray.py:614]: Loading state from C:\Users\OmarPc\AppData\Local\YASB\systray_state_XILINXINCMIMONITOR5745710086191.json
2026-05-01 21:16:08,586 [DEBUG] [SystrayMonitor] [systray_widget/systray.py:63]: Systray monitor thread is starting...
2026-05-01 21:16:08,586 [INFO] [MainThread] [root/bluetooth.py:333]: Bluetooth: Bluetooth is on, but no paired devices connected.
2026-05-01 21:16:08,607 [DEBUG] [MainThread] [systray_widget/systray.py:614]: Loading state from C:\Users\OmarPc\AppData\Local\YASB\systray_state_EKLTDSAMSUNG.json
2026-05-01 21:16:08,611 [INFO] [MainThread] [root/bluetooth.py:333]: Bluetooth: Bluetooth is on, but no paired devices connected.
2026-05-01 21:16:08,825 [DEBUG] [SystrayMonitor] [systray_widget/systray_monitor.py:119]: Adding TaskbandHWND prop to hwnd 3802418
2026-05-01 21:16:08,830 [DEBUG] [SystrayMonitor] [systray_widget/systray_monitor.py:197]: Finding real tray hwnd
2026-05-01 21:16:08,833 [DEBUG] [MainThread] [systray_widget/systray.py:261]: Sending TaskbarCreated message: 49289
2026-05-01 21:16:08,833 [DEBUG] [MainThread] [systray_widget/systray.py:263]: Systray icons refreshed
2026-05-01 21:16:08,894 [INFO] [MainThread] [root/api.py:69]: Fetching new weather data at 2026-05-01 21:16:08.894076
2026-05-01 21:16:09,981 [INFO] [MainThread] [root/bluetooth.py:333]: Bluetooth: Bluetooth is on, but no paired devices connected.
2026-05-01 21:16:10,406 [DEBUG] [MainThread] [glazewm_client/client.py:137]: WebSocket state changed: SocketState.ConnectedState
2026-05-01 21:16:10,407 [DEBUG] [MainThread] [glazewm_client/client.py:128]: Connected to ws://localhost:6123
2026-05-01 21:16:10,407 [DEBUG] [MainThread] [glazewm_client/client.py:130]: Sent initial message: sub -e workspace_activated workspace_deactivated workspace_updated focus_changed focused_container_moved
2026-05-01 21:16:10,407 [DEBUG] [MainThread] [glazewm_client/client.py:130]: Sent initial message: query monitors
2026-05-01 21:16:10,617 [DEBUG] [MainThread] [glazewm_client/client.py:137]: WebSocket state changed: SocketState.ConnectedState
2026-05-01 21:16:10,618 [DEBUG] [MainThread] [glazewm_client/client.py:128]: Connected to ws://localhost:6123
2026-05-01 21:16:10,618 [DEBUG] [MainThread] [glazewm_client/client.py:130]: Sent initial message: sub -e workspace_activated workspace_deactivated workspace_updated focus_changed focused_container_moved
2026-05-01 21:16:10,618 [DEBUG] [MainThread] [glazewm_client/client.py:130]: Sent initial message: query monitors
2026-05-01 21:16:11,062 [INFO] [MainThread] [root/bluetooth.py:333]: Bluetooth: Bluetooth is on, but no paired devices connected.
2026-05-01 21:16:12,982 [INFO] [MainThread] [root/bluetooth.py:333]: Bluetooth: Bluetooth is on, but no paired devices connected.
2026-05-01 21:16:14,061 [INFO] [MainThread] [root/bluetooth.py:333]: Bluetooth: Bluetooth is on, but no paired devices connected.
2026-05-01 21:16:15,981 [INFO] [MainThread] [root/bluetooth.py:333]: Bluetooth: Bluetooth is on, but no paired devices connected.
2026-05-01 21:16:17,063 [INFO] [MainThread] [root/bluetooth.py:333]: Bluetooth: Bluetooth is on, but no paired devices connected.
2026-05-01 21:16:18,982 [INFO] [MainThread] [root/bluetooth.py:333]: Bluetooth: Bluetooth is on, but no paired devices connected.
2026-05-01 21:16:20,007 [DEBUG] [Thread-7] [root/watcher.py:90]: Config file modified: c:\users\omarpc\.config\yasb\config.yaml
2026-05-01 21:16:20,065 [INFO] [MainThread] [root/controller.py:21]: Reloading Application because of config change.
2026-05-01 21:16:20,165 [INFO] [MainThread] [cli_server/cli_server.py:114]: Log pipe server stopped
2026-05-01 21:16:20,165 [DEBUG] [MainThread] [cli_server/cli_server.py:209]: CLI server stopped
2026-05-01 21:16:20,176 [INFO] [MainThread] [root/bar_manager.py:85]: Successfully loaded updated config and re-initialised all bars.
2026-05-01 21:16:20,582 [INFO] [MainThread] [root/bar_manager.py:103]: Stopping HotkeyListener...
2026-05-01 21:16:20,585 [INFO] [MainThread] [core.utils.widgets.taskbar.window_manager/window_manager.py:219]: TaskbarWindowManager stopped
2026-05-01 21:16:20,587 [DEBUG] [MainThread] [systray_widget/systray.py:596]: Saving state to C:\Users\OmarPc\AppData\Local\YASB\systray_state_XILINXINCMIMONITOR5745710086191.json
2026-05-01 21:16:20,588 [DEBUG] [MainThread] [systray_widget/utils.py:154]: Destroying window 3802418
2026-05-01 21:16:20,589 [DEBUG] [SystrayMonitor] [systray_widget/systray_monitor.py:125]: WM_CLOSE received, destroying window 3802418
2026-05-01 21:16:20,589 [DEBUG] [SystrayMonitor] [systray_widget/systray_monitor.py:129]: WM_DESTROY received for window 3802418
2026-05-01 21:16:20,597 [DEBUG] [MainThread] [systray_widget/systray.py:596]: Saving state to C:\Users\OmarPc\AppData\Local\YASB\systray_state_EKLTDSAMSUNG.json
2026-05-01 21:16:20,801 [INFO] [MainThread] [root/log.py:99]: YASB v1.9.1
2026-05-01 21:16:20,801 [INFO] [CLIPipeServer] [cli_server/cli_server.py:215]: CLI server started v1.1.6
2026-05-01 21:16:20,802 [INFO] [MainThread] [cli_server/cli_server.py:106]: Log pipe server started
2026-05-01 21:16:20,898 [INFO] [MainThread] [root/main.pyw:119]: Debug mode enabled.
2026-05-01 21:16:21,630 [DEBUG] [MainThread] [root/notes.py:650]: Loading notes from C:\Users\OmarPc\.config\yasb\notes.json
2026-05-01 21:16:21,632 [INFO] [MainThread] [root/api.py:60]: GitHubDataManager started...
2026-05-01 21:16:21,825 [INFO] [MainThread] [root/service.py:41]: AudioInputService starting...
2026-05-01 21:16:22,060 [DEBUG] [MainThread] [root/VoicemeeterInterface.py:31]: _start_vm_direct_if_not_started(): was called!  id(vm_direct_global)  = 140720285403968
2026-05-01 21:16:22,061 [DEBUG] [MainThread] [voicemeeterlib.factory.FactoryBuilder/factory.py:57]: Finished building strips for Voicemeeter Banana
2026-05-01 21:16:22,062 [DEBUG] [MainThread] [voicemeeterlib.factory.FactoryBuilder/factory.py:57]: Finished building buses for Voicemeeter Banana
2026-05-01 21:16:22,062 [DEBUG] [MainThread] [voicemeeterlib.factory.FactoryBuilder/factory.py:57]: Finished building commands for Voicemeeter Banana
2026-05-01 21:16:22,063 [DEBUG] [MainThread] [voicemeeterlib.factory.FactoryBuilder/factory.py:57]: Finished building macrobuttons for Voicemeeter Banana
2026-05-01 21:16:22,063 [DEBUG] [MainThread] [voicemeeterlib.factory.FactoryBuilder/factory.py:57]: Finished building vban in/out streams for Voicemeeter Banana
2026-05-01 21:16:22,063 [DEBUG] [MainThread] [voicemeeterlib.factory.FactoryBuilder/factory.py:57]: Finished building device for Voicemeeter Banana
2026-05-01 21:16:22,063 [DEBUG] [MainThread] [voicemeeterlib.factory.FactoryBuilder/factory.py:57]: Finished building option for Voicemeeter Banana
2026-05-01 21:16:22,063 [DEBUG] [MainThread] [voicemeeterlib.factory.FactoryBuilder/factory.py:57]: Finished building recorder for Voicemeeter Banana
2026-05-01 21:16:22,063 [DEBUG] [MainThread] [voicemeeterlib.factory.FactoryBuilder/factory.py:57]: Finished building patch for Voicemeeter Banana
2026-05-01 21:16:22,387 [INFO] [MainThread] [voicemeeterlib.remote.RemoteBanana/util.py:24]: RemoteBanana: Successfully logged into Voicemeeter Banana version 2.1.2.2
2026-05-01 21:16:22,387 [DEBUG] [MainThread] [voicemeeterlib.remote.RemoteBanana/util.py:27]: login time: 0.1
2026-05-01 21:16:22,388 [INFO] [MainThread] [root/VoicemeeterInterface.py:37]: _start_vm_direct_if_not_started(): STARTED!
2026-05-01 21:16:22,404 [INFO] [MainThread] [root/service.py:52]: AudioOutputService starting...
2026-05-01 21:16:22,437 [INFO] [Thread-6 (fetch)] [root/service.py:38]: fetch(): initing audio with voicemeeterInterface!
2026-05-01 21:16:22,481 [INFO] [MainThread] [root/app_bar.py:140]: Bar primary-bar Created on Screen: Mi Monitor [Bar Height: 38px, DPI Scale: 1.0]
2026-05-01 21:16:22,691 [DEBUG] [MainThread] [glazewm_client/client.py:124]: Connecting to ws://localhost:6123
2026-05-01 21:16:22,692 [DEBUG] [MainThread] [glazewm_client/client.py:137]: WebSocket state changed: SocketState.ConnectingState
2026-05-01 21:16:22,693 [DEBUG] [MainThread] [root/pin_manager.py:163]: Loaded 1 pinned apps from C:\Users\OmarPc\AppData\Local\YASB\taskbar_pinned.json
2026-05-01 21:16:22,745 [INFO] [MainThread] [core.utils.widgets.taskbar.window_manager/window_manager.py:192]: TaskbarWindowManager is starting...
2026-05-01 21:16:22,756 [DEBUG] [MainThread] [root/notes.py:650]: Loading notes from C:\Users\OmarPc\.config\yasb\notes.json
2026-05-01 21:16:22,799 [INFO] [MainThread] [root/app_bar.py:140]: Bar bar-2 Created on Screen: SAMSUNG [Bar Height: 34px, DPI Scale: 1.0]
2026-05-01 21:16:23,055 [DEBUG] [MainThread] [glazewm_client/client.py:124]: Connecting to ws://localhost:6123
2026-05-01 21:16:23,055 [DEBUG] [MainThread] [glazewm_client/client.py:137]: WebSocket state changed: SocketState.ConnectingState
2026-05-01 21:16:23,077 [INFO] [MainThread] [root/bar_manager.py:219]: Starting HotkeyListener...
2026-05-01 21:16:23,079 [INFO] [MainThread] [root/watcher.py:65]: Watching directory: c:\users\omarpc\.config\yasb
2026-05-01 21:16:23,079 [INFO] [MainThread] [root/watcher.py:104]: Created file watcher
2026-05-01 21:16:23,080 [DEBUG] [Dummy-9] [root/hotkeys.py:200]: Registered hotkey alt+space
2026-05-01 21:16:23,242 [DEBUG] [MainThread] [systray_widget/systray.py:614]: Loading state from C:\Users\OmarPc\AppData\Local\YASB\systray_state_XILINXINCMIMONITOR5745710086191.json
2026-05-01 21:16:23,250 [DEBUG] [SystrayMonitor] [systray_widget/systray.py:63]: Systray monitor thread is starting...
2026-05-01 21:16:23,252 [INFO] [MainThread] [root/bluetooth.py:333]: Bluetooth: Bluetooth is on, but no paired devices connected.
2026-05-01 21:16:23,275 [DEBUG] [MainThread] [systray_widget/systray.py:614]: Loading state from C:\Users\OmarPc\AppData\Local\YASB\systray_state_EKLTDSAMSUNG.json
2026-05-01 21:16:23,278 [INFO] [MainThread] [root/bluetooth.py:333]: Bluetooth: Bluetooth is on, but no paired devices connected.
2026-05-01 21:16:23,422 [INFO] [MainThread] [root/api.py:69]: Fetching new weather data at 2026-05-01 21:16:23.422732
2026-05-01 21:16:23,500 [DEBUG] [SystrayMonitor] [systray_widget/systray_monitor.py:119]: Adding TaskbandHWND prop to hwnd 2492176
2026-05-01 21:16:23,506 [DEBUG] [SystrayMonitor] [systray_widget/systray_monitor.py:197]: Finding real tray hwnd
2026-05-01 21:16:23,508 [DEBUG] [MainThread] [systray_widget/systray.py:261]: Sending TaskbarCreated message: 49289
2026-05-01 21:16:23,508 [DEBUG] [MainThread] [systray_widget/systray.py:263]: Systray icons refreshed
2026-05-01 21:16:24,782 [INFO] [MainThread] [root/bluetooth.py:333]: Bluetooth: Bluetooth is on, but no paired devices connected.
2026-05-01 21:16:25,069 [DEBUG] [MainThread] [glazewm_client/client.py:137]: WebSocket state changed: SocketState.ConnectedState
2026-05-01 21:16:25,070 [DEBUG] [MainThread] [glazewm_client/client.py:128]: Connected to ws://localhost:6123
2026-05-01 21:16:25,070 [DEBUG] [MainThread] [glazewm_client/client.py:130]: Sent initial message: sub -e workspace_activated workspace_deactivated workspace_updated focus_changed focused_container_moved
2026-05-01 21:16:25,070 [DEBUG] [MainThread] [glazewm_client/client.py:130]: Sent initial message: query monitors
2026-05-01 21:16:25,289 [DEBUG] [MainThread] [glazewm_client/client.py:137]: WebSocket state changed: SocketState.ConnectedState
2026-05-01 21:16:25,289 [DEBUG] [MainThread] [glazewm_client/client.py:128]: Connected to ws://localhost:6123
2026-05-01 21:16:25,289 [DEBUG] [MainThread] [glazewm_client/client.py:130]: Sent initial message: sub -e workspace_activated workspace_deactivated workspace_updated focus_changed focused_container_moved
2026-05-01 21:16:25,289 [DEBUG] [MainThread] [glazewm_client/client.py:130]: Sent initial message: query monitors
2026-05-01 21:16:25,762 [INFO] [MainThread] [root/bluetooth.py:333]: Bluetooth: Bluetooth is on, but no paired devices connected.
2026-05-01 21:16:27,782 [INFO] [MainThread] [root/bluetooth.py:333]: Bluetooth: Bluetooth is on, but no paired devices connected.
2026-05-01 21:16:28,761 [INFO] [MainThread] [root/bluetooth.py:333]: Bluetooth: Bluetooth is on, but no paired devices connected.
2026-05-01 21:16:30,782 [INFO] [MainThread] [root/bluetooth.py:333]: Bluetooth: Bluetooth is on, but no paired devices connected.
2026-05-01 21:16:31,761 [INFO] [MainThread] [root/bluetooth.py:333]: Bluetooth: Bluetooth is on, but no paired devices connected.
2026-05-01 21:16:33,781 [INFO] [MainThread] [root/bluetooth.py:333]: Bluetooth: Bluetooth is on, but no paired devices connected.
2026-05-01 21:16:34,762 [INFO] [MainThread] [root/bluetooth.py:333]: Bluetooth: Bluetooth is on, but no paired devices connected.
2026-05-01 21:16:36,782 [INFO] [MainThread] [root/bluetooth.py:333]: Bluetooth: Bluetooth is on, but no paired devices connected.
2026-05-01 21:16:37,762 [INFO] [MainThread] [root/bluetooth.py:333]: Bluetooth: Bluetooth is on, but no paired devices connected.
2026-05-01 21:16:39,565 [DEBUG] [Thread-7] [root/watcher.py:84]: Stylesheet modified: c:\users\omarpc\.config\yasb\styles.css
2026-05-01 21:16:39,781 [INFO] [MainThread] [root/bluetooth.py:333]: Bluetooth: Bluetooth is on, but no paired devices connected.
2026-05-01 21:16:40,762 [INFO] [MainThread] [root/bluetooth.py:333]: Bluetooth: Bluetooth is on, but no paired devices connected.
2026-05-01 21:16:42,782 [INFO] [MainThread] [root/bluetooth.py:333]: Bluetooth: Bluetooth is on, but no paired devices connected.
2026-05-01 21:16:43,762 [INFO] [MainThread] [root/bluetooth.py:333]: Bluetooth: Bluetooth is on, but no paired devices connected.
2026-05-01 21:16:45,780 [INFO] [MainThread] [root/bluetooth.py:333]: Bluetooth: Bluetooth is on, but no paired devices connected.
2026-05-01 21:16:46,763 [INFO] [MainThread] [root/bluetooth.py:333]: Bluetooth: Bluetooth is on, but no paired devices connected.
2026-05-01 21:16:48,781 [INFO] [MainThread] [root/bluetooth.py:333]: Bluetooth: Bluetooth is on, but no paired devices connected.
2026-05-01 21:16:49,762 [INFO] [MainThread] [root/bluetooth.py:333]: Bluetooth: Bluetooth is on, but no paired devices connected.
2026-05-01 21:16:51,782 [INFO] [MainThread] [root/bluetooth.py:333]: Bluetooth: Bluetooth is on, but no paired devices connected.
2026-05-01 21:16:52,393 [DEBUG] [Thread-7] [root/watcher.py:84]: Stylesheet modified: c:\users\omarpc\.config\yasb\styles.css
2026-05-01 21:16:52,762 [INFO] [MainThread] [root/bluetooth.py:333]: Bluetooth: Bluetooth is on, but no paired devices connected.
2026-05-01 21:16:54,781 [INFO] [MainThread] [root/bluetooth.py:333]: Bluetooth: Bluetooth is on, but no paired devices connected.
2026-05-01 21:16:55,037 [DEBUG] [Thread-7] [root/watcher.py:84]: Stylesheet modified: c:\users\omarpc\.config\yasb\styles.css
2026-05-01 21:16:55,761 [INFO] [MainThread] [root/bluetooth.py:333]: Bluetooth: Bluetooth is on, but no paired devices connected.
2026-05-01 21:16:57,781 [INFO] [MainThread] [root/bluetooth.py:333]: Bluetooth: Bluetooth is on, but no paired devices connected.
2026-05-01 21:16:58,760 [INFO] [MainThread] [root/bluetooth.py:333]: Bluetooth: Bluetooth is on, but no paired devices connected.
2026-05-01 21:17:00,781 [INFO] [MainThread] [root/bluetooth.py:333]: Bluetooth: Bluetooth is on, but no paired devices connected.
2026-05-01 21:17:01,761 [INFO] [MainThread] [root/bluetooth.py:333]: Bluetooth: Bluetooth is on, but no paired devices connected.
2026-05-01 21:17:03,783 [INFO] [MainThread] [root/bluetooth.py:333]: Bluetooth: Bluetooth is on, but no paired devices connected.
2026-05-01 21:17:04,543 [DEBUG] [Thread-7] [root/watcher.py:84]: Stylesheet modified: c:\users\omarpc\.config\yasb\styles.css
2026-05-01 21:17:04,762 [INFO] [MainThread] [root/bluetooth.py:333]: Bluetooth: Bluetooth is on, but no paired devices connected.
2026-05-01 21:17:06,598 [DEBUG] [Thread-7] [root/watcher.py:84]: Stylesheet modified: c:\users\omarpc\.config\yasb\styles.css
2026-05-01 21:17:06,781 [INFO] [MainThread] [root/bluetooth.py:333]: Bluetooth: Bluetooth is on, but no paired devices connected.
2026-05-01 21:17:07,762 [INFO] [MainThread] [root/bluetooth.py:333]: Bluetooth: Bluetooth is on, but no paired devices connected.
2026-05-01 21:17:09,780 [INFO] [MainThread] [root/bluetooth.py:333]: Bluetooth: Bluetooth is on, but no paired devices connected.
2026-05-01 21:17:10,763 [INFO] [MainThread] [root/bluetooth.py:333]: Bluetooth: Bluetooth is on, but no paired devices connected.
2026-05-01 21:17:12,782 [INFO] [MainThread] [root/bluetooth.py:333]: Bluetooth: Bluetooth is on, but no paired devices connected.
2026-05-01 21:17:13,763 [INFO] [MainThread] [root/bluetooth.py:333]: Bluetooth: Bluetooth is on, but no paired devices connected.
2026-05-01 21:17:15,781 [INFO] [MainThread] [root/bluetooth.py:333]: Bluetooth: Bluetooth is on, but no paired devices connected.
2026-05-01 21:17:16,655 [DEBUG] [Thread-7] [root/watcher.py:84]: Stylesheet modified: c:\users\omarpc\.config\yasb\styles.css
2026-05-01 21:17:16,762 [INFO] [MainThread] [root/bluetooth.py:333]: Bluetooth: Bluetooth is on, but no paired devices connected.
2026-05-01 21:17:18,783 [INFO] [MainThread] [root/bluetooth.py:333]: Bluetooth: Bluetooth is on, but no paired devices connected.
2026-05-01 21:17:19,761 [INFO] [MainThread] [root/bluetooth.py:333]: Bluetooth: Bluetooth is on, but no paired devices connected.
2026-05-01 21:17:21,781 [INFO] [MainThread] [root/bluetooth.py:333]: Bluetooth: Bluetooth is on, but no paired devices connected.
2026-05-01 21:17:22,763 [INFO] [MainThread] [root/bluetooth.py:333]: Bluetooth: Bluetooth is on, but no paired devices connected.
2026-05-01 21:17:24,781 [INFO] [MainThread] [root/bluetooth.py:333]: Bluetooth: Bluetooth is on, but no paired devices connected.
2026-05-01 21:17:25,761 [INFO] [MainThread] [root/bluetooth.py:333]: Bluetooth: Bluetooth is on, but no paired devices connected.
2026-05-01 21:17:27,782 [INFO] [MainThread] [root/bluetooth.py:333]: Bluetooth: Bluetooth is on, but no paired devices connected.
2026-05-01 21:17:28,023 [DEBUG] [Thread-7] [root/watcher.py:84]: Stylesheet modified: c:\users\omarpc\.config\yasb\styles.css
2026-05-01 21:17:28,762 [INFO] [MainThread] [root/bluetooth.py:333]: Bluetooth: Bluetooth is on, but no paired devices connected.
2026-05-01 21:17:30,780 [INFO] [MainThread] [root/bluetooth.py:333]: Bluetooth: Bluetooth is on, but no paired devices connected.
2026-05-01 21:17:31,763 [INFO] [MainThread] [root/bluetooth.py:333]: Bluetooth: Bluetooth is on, but no paired devices connected.
2026-05-01 21:17:33,781 [INFO] [MainThread] [root/bluetooth.py:333]: Bluetooth: Bluetooth is on, but no paired devices connected.
2026-05-01 21:17:34,761 [INFO] [MainThread] [root/bluetooth.py:333]: Bluetooth: Bluetooth is on, but no paired devices connected.
2026-05-01 21:17:36,780 [INFO] [MainThread] [root/bluetooth.py:333]: Bluetooth: Bluetooth is on, but no paired devices connected.
2026-05-01 21:17:38,100 [INFO] [MainThread] [root/bluetooth.py:333]: Bluetooth: Bluetooth is on, but no paired devices connected.
2026-05-01 21:17:39,778 [INFO] [MainThread] [root/bluetooth.py:333]: Bluetooth: Bluetooth is on, but no paired devices connected.
2026-05-01 21:17:40,761 [INFO] [MainThread] [root/bluetooth.py:333]: Bluetooth: Bluetooth is on, but no paired devices connected.
2026-05-01 21:17:42,779 [INFO] [MainThread] [root/bluetooth.py:333]: Bluetooth: Bluetooth is on, but no paired devices connected.
2026-05-01 21:17:43,762 [INFO] [MainThread] [root/bluetooth.py:333]: Bluetooth: Bluetooth is on, but no paired devices connected.
2026-05-01 21:17:45,782 [INFO] [MainThread] [root/bluetooth.py:333]: Bluetooth: Bluetooth is on, but no paired devices connected.
2026-05-01 21:17:46,761 [INFO] [MainThread] [root/bluetooth.py:333]: Bluetooth: Bluetooth is on, but no paired devices connected.
2026-05-01 21:17:48,778 [INFO] [MainThread] [root/bluetooth.py:333]: Bluetooth: Bluetooth is on, but no paired devices connected.
2026-05-01 21:17:49,796 [INFO] [MainThread] [root/bluetooth.py:333]: Bluetooth: Bluetooth is on, but no paired devices connected.
2026-05-01 21:17:51,782 [INFO] [MainThread] [root/bluetooth.py:333]: Bluetooth: Bluetooth is on, but no paired devices connected.
2026-05-01 21:17:52,761 [INFO] [MainThread] [root/bluetooth.py:333]: Bluetooth: Bluetooth is on, but no paired devices connected.
2026-05-01 21:17:54,778 [INFO] [MainThread] [root/bluetooth.py:333]: Bluetooth: Bluetooth is on, but no paired devices connected.
2026-05-01 21:17:55,762 [INFO] [MainThread] [root/bluetooth.py:333]: Bluetooth: Bluetooth is on, but no paired devices connected.
2026-05-01 21:17:57,780 [INFO] [MainThread] [root/bluetooth.py:333]: Bluetooth: Bluetooth is on, but no paired devices connected.
2026-05-01 21:17:58,760 [INFO] [MainThread] [root/bluetooth.py:333]: Bluetooth: Bluetooth is on, but no paired devices connected.
2026-05-01 21:18:00,781 [INFO] [MainThread] [root/bluetooth.py:333]: Bluetooth: Bluetooth is on, but no paired devices connected.
2026-05-01 21:18:01,761 [INFO] [MainThread] [root/bluetooth.py:333]: Bluetooth: Bluetooth is on, but no paired devices connected.
2026-05-01 21:18:03,781 [INFO] [MainThread] [root/bluetooth.py:333]: Bluetooth: Bluetooth is on, but no paired devices connected.
2026-05-01 21:18:04,764 [INFO] [MainThread] [root/bluetooth.py:333]: Bluetooth: Bluetooth is on, but no paired devices connected.
2026-05-01 21:18:06,781 [INFO] [MainThread] [root/bluetooth.py:333]: Bluetooth: Bluetooth is on, but no paired devices connected.
2026-05-01 21:18:07,761 [INFO] [MainThread] [root/bluetooth.py:333]: Bluetooth: Bluetooth is on, but no paired devices connected.
2026-05-01 21:18:09,779 [INFO] [MainThread] [root/bluetooth.py:333]: Bluetooth: Bluetooth is on, but no paired devices connected.
2026-05-01 21:18:10,762 [INFO] [MainThread] [root/bluetooth.py:333]: Bluetooth: Bluetooth is on, but no paired devices connected.
2026-05-01 21:18:12,781 [INFO] [MainThread] [root/bluetooth.py:333]: Bluetooth: Bluetooth is on, but no paired devices connected.
2026-05-01 21:18:13,763 [INFO] [MainThread] [root/bluetooth.py:333]: Bluetooth: Bluetooth is on, but no paired devices connected.
2026-05-01 21:18:15,778 [INFO] [MainThread] [root/bluetooth.py:333]: Bluetooth: Bluetooth is on, but no paired devices connected.
2026-05-01 21:18:16,761 [INFO] [MainThread] [root/bluetooth.py:333]: Bluetooth: Bluetooth is on, but no paired devices connected.
2026-05-01 21:18:18,781 [INFO] [MainThread] [root/bluetooth.py:333]: Bluetooth: Bluetooth is on, but no paired devices connected.
